Workbook

Sheet 设计流程
A1: 阶段名称 | B1: 步骤名称 | C1: 核心执行任务 | D1: 输入数据 | E1: 输出数据 | F1: 关键技术要求/规范依据 | G1: 数据说明
A2: 第一阶段：原材料处理与基础性能测定 | B2: - | C2: 完成原材料取样、筛分、密度及沥青含量测试，获取基础参数 | D2: 新集料、RAP料样品 | E2: 集料级配曲线、RAP沥青含量、集料密度指标 | F2: 四分法取样规范；粗细集料密度测定方法区分 | G2: 试验数据按试件来源对应集料来源，按级配类型归类对应级配。
A3: - | B3: 1.1集料筛分与RAP沥青含量测定 | C3: 1. 新集料：四分法取样→水洗烘干→标准筛分→计算通过率； 2. RAP料：四分法取样→烘干→燃烧/离心抽提法测沥青含量→矿料水洗筛分→计算级配 | D3: 新集料各档位样品、RAP各档位样品 | E3: 新集料级配曲线、RAP沥青含量、RAP矿料级配曲线 | F3: 1. RAP按9.5mm关键筛孔分粗细档处理； 2. 严格记录水洗前后、筛分后质量数据
A4: - | B4: 1.2集料密度测定 | C4: 1. 粗集料（2.36/4.75mm）：水中重法测干燥、水中、表干状态质量→计算密度； 2. 细集料（<2.36mm）：容量瓶法测相关质量→计算密度 | D4: 粗细集料代表性样品 | E4: 集料表观相对密度、表干相对密度、毛体积密度 | F4: 粗细集料划分阈值遵循2.36mm或4.75mm标准
A5: 第二阶段：RA90#混合料配合比设计 | B5: - | C5: 确定RAP掺配比例，设计合成级配，验证体积指标并选定最佳沥青用量 | D5: 原材料基础性能数据 | E5: 3组合成级配方案、最佳沥青用量（OAC）、VV/VMA/VFA指标 | F5: 级配曲线无0.3-0.6mm驼峰
A6: - | B6: 2.1矿料合成级配设计 | C6: 1. 确定RAP掺配比例（30%/40%等），粗细RAP分开设计； 2. 设计3组粗细不同的合成级配（上/中/下限）； | D6: 新集料级配曲线、RAP矿料级配曲线 | E6: 3组合成级配方案 | F6: 合成级配曲线需平顺
A7: - | B7: 2.2最佳沥青用量与体积指标验证 | C7: 1. 按合成级配+预估沥青用量制备马歇尔试件； 2. 真空法测理论最大密度，表干法测毛体积密度； 3. 计算VV/VMA/VFA，绘制指标-沥青用量曲线→确定OAC | D7: 合成级配方案、预估沥青用量 | E7: 马歇尔试件、理论最大密度、毛体积密度、最佳沥青用量（OAC） | F7: 空隙率计算公式：VV=(1-毛体积密度/理论最大密度)×100% （3%<VV<6%，一般取4%）
A8: 第三阶段：RA90#混合料路用性能试验 | B8: - | C8: 完成马歇尔、水稳定性、高低温性能试验，验证混合料路用性能 | D8: 最佳配比混合料试件 | E8: 马歇尔稳定度(MS)/流值(FL)、冻融劈裂强度比(TSR)、动稳定度(DS)、弯拉性能指标 | F8: 各项试验温度、保温时长、加载速率遵循规范要求
A9: - | B9: 3.1马歇尔稳定度与流值试验 | C9: 1. 马歇尔试件60℃保温30-40min； 2. 50mm/min速率加载至破坏； 3. 记录稳定度与流值 | D9: 最佳配比马歇尔试件 | E9: 稳定度(MS)＞8kN 流值(FL)设计范围是 2.0 ~ 4.0 mm | F9: 试验温度60℃；加载速率50mm/min
A10: - | B10: 3.2水稳定性试验 | C10: 1. 冻融劈裂：试件饱水→-18℃冷冻16h→60℃水浴24h→25℃保温2h→劈裂试验→计算TSR； 2. 浸水马歇尔：试件60℃浸泡48h→测稳定度→计算残留稳定度比 | D10: 最佳配比马歇尔试件（两组） | E10: 冻融劈裂强度比(TSR)>75% 残留稳定度比>85% | F10: 冷冻温度-18℃；浸水时长48h
A11: - | B11: 3.3高温稳定性试验（车辙试验） | C11: 1. 轮碾法成型300×300×50mm板块试件； 2. 60℃保温大于4h，轮压0.7MPa； 3. 测试并计算动稳定度(DS) | D11: 最佳配比混合料 | E11: 车辙板试件 动稳定度(DS)>800次/mm | F11: 试件尺寸300×300×50mm；轮压0.7MPa
A12: - | B12: 3.4低温抗裂性试验（小梁弯曲） | C12: 1. 车辙板切割250×30×35mm小梁试件； 2. -10℃保温大于3h；3. 三点弯曲加载（50mm/min）→计算抗弯拉强度、最大弯拉应变 | D12: 车辙板试件 | E12: 小梁试件 抗弯拉强度 最大弯拉应变>2000με 弯曲劲度模量 | F12: 小梁尺寸250×30×35mm；试验温度-10℃

Sheet 集料筛分及密度
A1: 集料来源 | B1: 集料类型 | C1: 集料粒径/mm | D1: 筛分通过率/% | P1: 干重/g | Q1: 水中重/g | R1: 表干重/g | S1: 密度/(g/cm3) | V1: 试样烘干后质量 | W1: 水与瓶重 | X1: 饱和面干、水和瓶质量 | Y1: 饱和面干质量 | Z1: 密度/(g/cm3) | AC1: 抽提法 | AG1: 燃烧法 | AI1: 沥青用量/% | AJ1: 油石比/%
D2: 26.5 | E2: 19 | F2: 16 | G2: 13.2 | H2: 9.5 | I2: 4.75 | J2: 2.36 | K2: 1.18 | L2: 0.6 | M2: 0.3 | N2: 0.15 | O2: 0.075 | S2: 表观相对密度 | T2: 表干相对密度 | U2: 毛体积密度 | Z2: 表观相对密度 | AA2: 表干相对密度 | AB2: 毛体积密度 | AC2: 筒+纸 | AD2: 料重（抽提前） | AE2: 筒+纸+粉 | AF2: 料重（抽提后） | AG2: 燃烧前质量 | AH2: 燃烧后质量
A3: A | B3: 粗集料 | C3: 10-20 | D3: 100 | E3: 80.59709 | F3: 50.546914 | G3: 28.258906 | H3: 2.6894129 | I3: 0.48670346 | J3: 0 | K3: 0 | L3: 0 | M3: 0 | N3: 0 | O3: 0 | P3: 1989 | Q3: 1264.3 | R3: 2004.2 | S3: =P3/(P3-Q3) -> 2.744584 | T3: =R3/(R3-Q3) -> 2.7087444 | U3: =P3/(R3-Q3) -> 2.6882011 | AJ3: =(AD3+AC3-AE3-AF3)/(AE3+AF3-AC3) -> #DIV/0!
A4: A | B4: 粗集料 | C4: 5-10 | D4: 100 | E4: 100 | F4: 100 | G4: 100 | H4: 98.153117 | I4: 11.405753 | J4: 1.3477257 | K4: 0 | L4: 0 | M4: 0 | N4: 0 | O4: 0 | P4: 1964.8 | Q4: 1249 | R4: 1980.3 | S4: =P4/(P4-Q4) -> 2.7449008 | T4: =R4/(R4-Q4) -> 2.7079174 | U4: =P4/(R4-Q4) -> 2.6867223 | AJ4: =(AG2-AH2)/AH2 -> #VALUE!
A5: A | B5: 细集料 | C5: 0-5 | D5: 100 | E5: 100 | F5: 100 | G5: 100 | H5: 100 | I5: 99.363636 | J5: 62.96182 | K5: 43.563409 | L5: 26.855123 | M5: 14.573625 | N5: 7.8312868 | O5: 1.8948509 | V5: 296.9 | W5: 708.7 | X5: 902.3 | Y5: 300 | Z5: =V5/(V5+W5-X5) -> 2.874153 | AA5: =Y5/(Y5+W5-X5) -> 2.8195489 | AB5: =V5/(Y5+W5-X5) -> 2.7904135
A6: A | B6: 粗RAP料 | C6: 10-20 | D6: 100 | E6: 96.805854 | F6: 92.42359 | G6: 79.362893 | H6: 32.303056 | I6: 10.908308 | J6: 8.9367198 | K6: 7.4989238 | L6: 5.9750323 | M6: 4.2875592 | N6: 2.8755919 | O6: 1.5497202 | P6: 1032.5 | Q6: 659.6 | R6: 1042.2 | S6: =P6/(P6-Q6) -> 2.7688388 | T6: =R6/(R6-Q6) -> 2.7239937 | U6: =P6/(R6-Q6) -> 2.6986409 | AI6: 3.2882012 | AJ6: 3.4
A7: A | B7: 细RAP料 | C7: 0-10 | D7: 100 | E7: 100 | F7: 100 | G7: 100 | H7: 100 | I7: 63.157457 | J7: 40.687417 | K7: 31.066911 | L7: 24.275965 | M7: 17.684754 | N7: 11.825899 | O7: 8.9214381 | V7: 289.8 | W7: 708.5 | X7: 893.2 | Y7: 300.8 | Z7: =V7/(V7+W7-X7) -> 2.7573739 | AA7: =Y7/(Y7+W7-X7) -> 2.5908699 | AB7: =V7/(Y7+W7-X7) -> 2.496124 | AI7: =AJ7/(AJ7+100)*100 -> 3.8461538 | AJ7: 4
A8: B | B8: 粗集料 | C8: 10-20 | D8: 100 | E8: 93.712216 | F8: 66.512616 | G8: 33.717212 | H8: 5.6632526 | I8: 0.44716463 | J8: 0 | K8: 0 | L8: 0 | M8: 0 | N8: 0 | O8: 0 | P8: 1994 | Q8: 1262.05 | R8: 2001.1 | S8: 2.7242298 | T8: 2.7076652 | U8: 2.6980583
A9: B | B9: 粗集料 | C9: 5-10 | D9: 100 | E9: 100 | F9: 100 | G9: 100 | H9: 89.684047 | I9: 3.3944908 | J9: 1.1298305 | K9: 1.0423436 | L9: 0 | M9: 0 | N9: 0 | O9: 0 | P9: 1981.1 | Q9: 1252.05 | R9: 1995.4 | S9: 2.7173719 | T9: 2.6843344 | U9: 2.6650972
A10: B | B10: 粗集料 | C10: 3-5 | D10: 100 | E10: 100 | F10: 100 | G10: 100 | H10: 100 | I10: 95.985683 | J10: 12.69153 | K10: 5.8851935 | L10: 4.1839728 | M10: 3.6277139 | N10: 3.3515061 | O10: 3.1246478 | P10: 692.55 | Q10: 438.15 | R10: 698.85 | S10: 2.7222877 | T10: 2.6806674 | U10: 2.6565017
A11: B | B11: 细集料 | C11: 0-3 | D11: 100 | E11: 100 | F11: 100 | G11: 100 | H11: 100 | I11: 100 | J11: 69.772922 | K11: 41.231077 | L11: 19.951442 | M11: 11.610968 | N11: 9.3544702 | O11: 7.0408455 | V11: 294.3 | W11: 708.1 | X11: 895 | Y11: 300.5 | Z11: =V11/(V11+W11-X11) -> 2.7402235 | AA11: =Y11/(Y11+W11-X11) -> 2.6452465 | AB11: =V11/(Y11+W11-X11) -> 2.590669
A12: B | B12: 矿粉 | C12: / | D12: 100 | E12: 100 | F12: 100 | G12: 100 | H12: 100 | I12: 100 | J12: 100 | K12: 100 | L12: 100 | M12: 99.7 | N12: 97.1 | O12: 76.6
A13: B | B13: 粗RAP料 | C13: 7-14 | D13: 100 | E13: 100 | F13: 100 | G13: 92.75 | H13: 55.5 | I13: 23.1 | J13: 18.35 | K13: 13.95 | L13: 10.7 | M13: 8.6 | N13: 7.55 | O13: 6.25 | P13: 1027.85 | Q13: 649.5 | R13: 1033.05 | S13: 2.7166645 | T13: 2.6933907 | U13: 2.6798331 | AC13: 519.95 | AD13: 1300 | AE13: 594.05 | AF13: 1184.6 | AI13: 3.1784509 | AJ13: 3.2827929
A14: B | B14: 细RAP料 | C14: 0-7 | D14: 100 | E14: 100 | F14: 100 | G14: 100 | H14: 98.793898 | I14: 81.170722 | J14: 61.440213 | K14: 46.2292 | L14: 32.838359 | M14: 23.463475 | N14: 19.381251 | O14: 15.171029 | V14: 297.8 | W14: 721.8 | X14: 903.4 | Y14: 300 | Z14: =V14/(V14+W14-X14) -> 2.5628227 | AA14: =Y14/(Y14+W14-X14) -> 2.5337838 | AB14: =V14/(Y14+W14-X14) -> 2.5152027 | AC14: 520.2 | AD14: 1200 | AE14: 657.35 | AF14: 994.6 | AI14: =AJ14/(AJ14+100)*100 -> 5.6603774 | AJ14: 6
A15: C | B15: 粗集料 | C15: 10-20 | D15: 100 | E15: 93.712216 | F15: 66.512616 | G15: 33.717212 | H15: 5.6632526 | I15: 0.44716463 | J15: 0 | K15: 0 | L15: 0 | M15: 0 | N15: 0 | O15: 0 | P15: 1993.5 | Q15: 1261.3 | R15: 2001.4 | S15: =P15/(P15-Q15) -> 2.7226168 | T15: =R15/(R15-Q15) -> 2.7042292 | U15: =P15/(R15-Q15) -> 2.6935549
A16: C | B16: 粗集料 | C16: 5-10 | D16: 100 | E16: 100 | F16: 100 | G16: 100 | H16: 89.684047 | I16: 3.3944908 | J16: 1.1298305 | K16: 1.0423436 | L16: 0 | M16: 0 | N16: 0 | O16: 0 | P16: 1978.5 | Q16: 1250.7 | R16: 1994.7 | S16: =P16/(P16-Q16) -> 2.7184666 | T16: =R16/(R16-Q16) -> 2.6810484 | U16: =P16/(R16-Q16) -> 2.6592742
A17: C | B17: 粗集料 | C17: 10-15 | D17: 100 | E17: 100 | F17: 99.586446 | G17: 78.910673 | H17: 26.383191 | I17: 0.77822473 | J17: 0.43380263 | K17: 0.30670421 | L17: 0 | M17: 0 | N17: 0 | O17: 0 | P17: 995 | Q17: 616 | R17: 1002.8 | S17: =P17/(P17-Q17) -> 2.6253298 | T17: =R17/(R17-Q17) -> 2.5925543 | U17: =P17/(R17-Q17) -> 2.5723888
A18: C | B18: 粗集料 | C18: 3-5 | D18: 100 | E18: 100 | F18: 100 | G18: 100 | H18: 100 | I18: 95.985683 | J18: 12.69153 | K18: 5.8851935 | L18: 4.1839728 | M18: 3.6277139 | N18: 3.3515061 | O18: 3.1246478 | P18: 692.6 | Q18: 438.3 | R18: 698.8 | S18: =P18/(P18-Q18) -> 2.7235549 | T18: =R18/(R18-Q18) -> 2.6825336 | U18: =P18/(R18-Q18) -> 2.6587332
A19: C | B19: 细集料 | C19: 0-3 | D19: 100 | E19: 100 | F19: 100 | G19: 100 | H19: 100 | I19: 100 | J19: 69.772922 | K19: 41.231077 | L19: 19.951442 | M19: 11.610968 | N19: 9.3544702 | O19: 7.0408455 | V19: 294.3 | W19: 708.1 | X19: 895 | Y19: 300.5 | Z19: =V19/(V19+W19-X19) -> 2.7402235 | AA19: =Y19/(Y19+W19-X19) -> 2.6452465 | AB19: =V19/(Y19+W19-X19) -> 2.590669
A20: C | B20: 粗RAP料 | C20: 7-14 | D20: 100 | E20: 100 | F20: 100 | G20: 92.75 | H20: 55.5 | I20: 23.1 | J20: 18.35 | K20: 13.95 | L20: 10.7 | M20: 8.6 | N20: 7.55 | O20: 6.25 | P20: 1022.2 | Q20: 645.7 | R20: 1027.8 | S20: =P20/(P20-Q20) -> 2.7150066 | T20: =R20/(R20-Q20) -> 2.6898718 | U20: =P20/(R20-Q20) -> 2.6752159 | AC20: 519.95 | AD20: 1300 | AE20: 594.05 | AF20: 1184.6 | AI20: =100*AJ20/(100+AJ20) -> 3.1769231 | AJ20: =100*(AD20+AC20-AE20-AF20)/(AE20+AF20-AC20) -> 3.2811631
A21: C | B21: 细RAP料 | C21: 0-7 | D21: 100 | E21: 100 | F21: 100 | G21: 100 | H21: 98.793898 | I21: 81.170722 | J21: 61.440213 | K21: 46.2292 | L21: 32.838359 | M21: 23.463475 | N21: 19.381251 | O21: 15.171029 | V21: 297.8 | W21: 721.8 | X21: 903.4 | Y21: 300 | Z21: =V21/(V21+W21-X21) -> 2.5628227 | AA21: =Y21/(Y21+W21-X21) -> 2.5337838 | AB21: =V21/(Y21+W21-X21) -> 2.5152027 | AC21: 520.2 | AD21: 1200 | AE21: 657.35 | AF21: 994.6 | AI21: =100*AJ21/(100+AJ21) -> 5.6875 | AJ21: =100*(AD21+AC21-AE21-AF21)/(AE21+AF21-AC21) -> 6.0304838
A22: D | B22: 粗集料 | C22: 10-20 | D22: 100 | E22: 82.345575 | F22: 59.458728 | G22: 33.822964 | H22: 4.9826724 | I22: 0.71659447 | J22: 0 | K22: 0 | L22: 0 | M22: 0 | N22: 0 | O22: 0 | P22: 2061.5 | Q22: 1306.8 | R22: 2074.3 | S22: =P22/(P22-Q22) -> 2.731549 | T22: =R22/(R22-Q22) -> 2.702671 | U22: =P22/(R22-Q22) -> 2.6859935
A23: D | B23: 粗集料 | C23: 5-10 | D23: 100 | E23: 100 | F23: 99.5 | G23: 66.5 | H23: 6.5 | I23: 0 | J23: 0 | K23: 0 | L23: 0 | M23: 0 | N23: 0 | O23: 0 | P23: 2016.7 | Q23: 1313.9 | R23: 2026.7 | S23: =P23/(P23-Q23) -> 2.8695219 | T23: =R23/(R23-Q23) -> 2.8432941 | U23: =P23/(R23-Q23) -> 2.8292649
A24: D | B24: 粗集料 | C24: 3-5 | D24: 100 | E24: 100 | F24: 100 | G24: 100 | H24: 98.5 | I24: 25 | J24: 3 | K24: 2.5 | L24: 2 | M24: 2 | N24: 2 | O24: 2 | P24: 2031.3 | Q24: 1289.1 | R24: 2053 | S24: =P24/(P24-Q24) -> 2.7368634 | T24: =R24/(R24-Q24) -> 2.6875245 | U24: =P24/(R24-Q24) -> 2.6591177
A25: D | B25: 细集料 | C25: 0-3 | D25: 100 | E25: 100 | F25: 100 | G25: 100 | H25: 100 | I25: 99 | J25: 63.5 | K25: 45.5 | L25: 32 | M25: 22 | N25: 17 | O25: 12 | V25: 294.7 | W25: 708.9 | X25: 901.2 | Y25: 300 | Z25: =V25/(V25+W25-X25) -> 2.8779297 | AA25: =Y25/(Y25+W25-X25) -> 2.7855153 | AB25: =V25/(Y25+W25-X25) -> 2.7363045
A26: D | B26: 粗RAP料 | C26: 10-20 | D26: 100 | E26: =AVERAGE(E24,E25) -> 100 | F26: =AVERAGE(F24,F25) -> 100 | G26: =AVERAGE(G24,G25) -> 100 | H26: =AVERAGE(H24,H25) -> 99.25 | I26: =AVERAGE(I24,I25) -> 62 | J26: =AVERAGE(J24,J25) -> 33.25 | K26: =AVERAGE(K24,K25) -> 24 | L26: =AVERAGE(L24,L25) -> 17 | ... O26: =AVERAGE(O24,O25) -> 7 | P26: 1757.6 | Q26: 1113.7 | R26: 1766.9 | S26: =P26/(P26-Q26) -> 2.7296164 | T26: =R26/(R26-Q26) -> 2.7049908 | U26: =P26/(R26-Q26) -> 2.6907532 | AC26: 519.35 | AD26: 1200 | AE26: 568.05 | AF26: 1117.15 | AI26: =100*AJ26/(100+AJ26) -> 2.8458333 | AJ26: =100*(AD26+AC26-AE26-AF26)/(AE26+AF26-AC26) -> 2.9291933
A27: D | B27: 细RAP料 | C27: 0-10 | D27: 100 | E27: =AVERAGE(E25,E26) -> 100 | F27: =AVERAGE(F25,F26) -> 100 | G27: =AVERAGE(G25,G26) -> 100 | H27: =AVERAGE(H25,H26) -> 99.625 | I27: =AVERAGE(I25,I26) -> 80.5 | J27: =AVERAGE(J25,J26) -> 48.375 | K27: =AVERAGE(K25,K26) -> 34.75 | L27: =AVERAGE(L25,L26) -> 24.5 | ... O27: =AVERAGE(O25,O26) -> 9.5 | V27: 291.8 | W27: 708.7 | X27: 892.4 | Y27: 300 | Z27: =V27/(V27+W27-X27) -> 2.6993525 | AA27: =Y27/(Y27+W27-X27) -> 2.5795357 | AB27: =V27/(Y27+W27-X27) -> 2.5090284 | AC27: 519.5 | AD27: 1198.5 | AE27: 618.35 | AF27: 1043.75 | AI27: =100*AJ27/(100+AJ27) -> 4.6641635 | AJ27: =100*(AD27+AC27-AE27-AF27)/(AE27+AF27-AC27) -> 4.8923508
A28: E | B28: 粗集料 | C28: 10-20 | D28: 100 | E28: 93.712216 | F28: 66.512616 | G28: 33.717212 | H28: 5.6632526 | I28: 0.44716463 | J28: 0 | K28: 0 | L28: 0 | M28: 0 | N28: 0 | O28: 0 | P28: 1993.5 | Q28: 1261.3 | R28: 2001.4 | S28: =P28/(P28-Q28) -> 2.7226168 | T28: =R28/(R28-Q28) -> 2.7042292 | U28: =P28/(R28-Q28) -> 2.6935549
A29: E | B29: 粗集料 | C29: 5-10 | D29: 100 | E29: 100 | F29: 100 | G29: 100 | H29: 89.684047 | I29: 3.3944908 | J29: 1.1298305 | K29: 1.0423436 | L29: 0 | M29: 0 | N29: 0 | O29: 0 | P29: 1978.5 | Q29: 1250.7 | R29: 1994.7 | S29: =P29/(P29-Q29) -> 2.7184666 | T29: =R29/(R29-Q29) -> 2.6810484 | U29: =P29/(R29-Q29) -> 2.6592742
A30: E | B30: 粗集料 | C30: 10-15 | D30: 100 | E30: 100 | F30: 99.586446 | G30: 78.910673 | H30: 26.383191 | I30: 0.77822473 | J30: 0.43380263 | K30: 0.30670421 | L30: 0 | M30: 0 | N30: 0 | O30: 0 | P30: 995 | Q30: 616 | R30: 1002.8 | S30: =P30/(P30-Q30) -> 2.6253298 | T30: =R30/(R30-Q30) -> 2.5925543 | U30: =P30/(R30-Q30) -> 2.5723888
A31: E | B31: 粗集料 | C31: 3-5 | D31: 100 | E31: 100 | F31: 100 | G31: 100 | H31: 100 | I31: 95.985683 | J31: 12.69153 | K31: 5.8851935 | L31: 4.1839728 | M31: 3.6277139 | N31: 3.3515061 | O31: 3.1246478 | P31: 692.6 | Q31: 438.3 | R31: 698.8 | S31: =P31/(P31-Q31) -> 2.7235549 | T31: =R31/(R31-Q31) -> 2.6825336 | U31: =P31/(R31-Q31) -> 2.6587332
A32: E | B32: 细集料 | C32: 0-3 | D32: 100 | E32: 100 | F32: 100 | G32: 100 | H32: 100 | I32: 100 | J32: 69.772922 | K32: 41.231077 | L32: 19.951442 | M32: 11.610968 | N32: 9.3544702 | O32: 7.0408455 | V32: 294.3 | W32: 708.1 | X32: 895 | Y32: 300.5 | Z32: =V32/(V32+W32-X32) -> 2.7402235 | AA32: =Y32/(Y32+W32-X32) -> 2.6452465 | AB32: =V32/(Y32+W32-X32) -> 2.590669
A33: E | B33: 矿粉 | C33: / | D33: 100 | E33: 100 | F33: 100 | G33: 100 | H33: 100 | I33: 100 | J33: 100 | K33: 100 | L33: 100 | M33: 99.7 | N33: 97.1 | O33: 76.6 | V33: 295.3 | W33: 722 | X33: 909.1 | Y33: 301 | Z33: =V33/(V33+W33-X33) -> 2.7292052 | AA33: =Y33/(Y33+W33-X33) -> 2.642669 | AB33: =V33/(Y33+W33-X33) -> 2.5926251
A34: F | B34: 粗集料 | C34: >22 | D34: 100 | E34: 14.7525 | F34: 3.64 | G34: 0.1275 | H34: 0 | I34: 0 | J34: 0 | K34: 0 | L34: 0 | M34: 0 | N34: 0 | O34: 0 | P34: 1430.1 | Q34: 906 | R34: 1434.9 | S34: =P34/(P34-Q34) -> 2.7286777 | T34: =R34/(R34-Q34) -> 2.7129892 | U34: =P34/(R34-Q34) -> 2.7039138
A35: F | B35: 粗集料 | C35: 16-22 | D35: 100 | E35: 99.47 | F35: 94.023333 | G35: 16.586667 | H35: 0.45 | I35: 0.27333333 | J35: 0 | K35: 0 | L35: 0 | M35: 0 | N35: 0 | O35: 0 | P35: 1601.4 | Q35: 1013.6 | R35: 1609.4 | S35: =P35/(P35-Q35) -> 2.7243961 | T35: =R35/(R35-Q35) -> 2.701242 | U35: =P35/(R35-Q35) -> 2.6878147
A36: F | B36: 粗集料 | C36: 11-16 | D36: 100 | E36: 100 | F36: 100 | G36: 97.423333 | H36: 44.356667 | I36: 0.28333333 | J36: 0.19333333 | K36: 0.10333333 | L36: 0 | M36: 0 | N36: 0 | O36: 0 | P36: 1344.9 | Q36: 851.2 | R36: 1351.3 | S36: =P36/(P36-Q36) -> 2.724124 | T36: =R36/(R36-Q36) -> 2.7020596 | U36: =P36/(R36-Q36) -> 2.6892621
A37: F | B37: 粗集料 | C37: 7-11 | D37: 100 | E37: 100 | F37: 100 | G37: 100 | H37: 96.67 | I37: 3.0533333 | J37: 0.63 | K37: 0 | L37: 0 | M37: 0 | N37: 0 | O37: 0 | P37: 1486.6 | Q37: 940.3 | R37: 1494.8 | S37: =P37/(P37-Q37) -> 2.7212154 | T37: =R37/(R37-Q37) -> 2.6957619 | U37: =P37/(R37-Q37) -> 2.6809739
A38: F | B38: 粗集料 | C38: 4-7 | D38: 100 | E38: 100 | F38: 100 | G38: 100 | H38: 100 | I38: 70.359936 | J38: 8.4791667 | K38: 4.5041667 | L38: 2.5666667 | M38: 1.8375 | N38: 1.5875 | O38: 1.4208333 | P38: 941.2 | Q38: 595.4 | R38: 950.5 | S38: =P38/(P38-Q38) -> 2.7218045 | T38: =R38/(R38-Q38) -> 2.6767108 | U38: =P38/(R38-Q38) -> 2.650521
A39: F | B39: 细集料 | C39: 0-4 | D39: 100 | E39: 100 | F39: 100 | G39: 100 | H39: 100 | I39: 100 | J39: 81.365 | K39: 59.195 | L39: 34.705 | M39: 19.21 | N39: 13.9 | O39: 11.54 | V39: 295.3 | W39: 722 | X39: 909.1 | Y39: 301 | Z39: =V39/(V39+W39-X39) -> 2.7292052 | AA39: =Y39/(Y39+W39-X39) -> 2.642669 | AB39: =V39/(Y39+W39-X39) -> 2.5926251
A40: F | B40: 矿粉 | C40: \ | D40: 100 | E40: 100 | F40: 100 | G40: 100 | H40: 100 | I40: 100 | J40: 100 | K40: 100 | L40: 100 | M40: 99.6875 | N40: 97.1125 | O40: 76.6125
A41: F | B41: 粗RAP料 | C41: 7-14 | D41: 100 | E41: 100 | F41: 100 | G41: 93.432997 | H41: 58.675273 | I41: 63.708954 | J41: 26.868671 | K41: 21.321866 | L41: 16.778919 | M41: 13.464797 | N41: 11.690907 | O41: 9.6660408 | P41: 1022.2 | Q41: 645.7 | R41: 1027.8 | S41: =P41/(P41-Q41) -> 2.7150066 | T41: =R41/(R41-Q41) -> 2.6898718 | U41: =P41/(R41-Q41) -> 2.6752159 | AC41: 520.4 | AD41: 1200 | AE41: 629.55 | AF41: 1046.45 | AI41: =100*AJ41/(100+AJ41) -> 3.7 | AJ41: =100*(AD41+AC41-AE41-AF41)/(AE41+AF41-AC41) -> 3.8421599
A42: F | B42: 细RAP料 | C42: 0-7 | D42: 100 | E42: 100 | F42: 100 | G42: 100 | H42: 100 | I42: 77.241522 | J42: 51.494988 | K42: 39.0932 | L42: 29.767484 | M42: 22.909474 | N42: 18.817885 | O42: 13.632127 | V42: 297.8 | W42: 721.8 | X42: 903.4 | Y42: 300 | Z42: =V42/(V42+W42-X42) -> 2.5628227 | AA42: =Y42/(Y42+W42-X42) -> 2.5337838 | AB42: =V42/(Y42+W42-X42) -> 2.5152027 | AC42: 520.65 | AD42: 1000 | AE42: 637.4 | AF42: 829.75 | AI42: =100*AJ42/(100+AJ42) -> 5.35 | AJ42: =100*(AD42+AC42-AE42-AF42)/(AE42+AF42-AC42) -> 5.6524036
A43: G | B43: 粗集料 | C43: 10-20 | D43: 100 | E43: 79.248879 | F43: 48.359849 | G43: 22.409362 | H43: 3.2062953 | I43: 1.1608629 | J43: 1.1608629 | K43: 1.1608629 | L43: 1.1608629 | M43: 1.1608629 | N43: 1.1608629 | O43: 1.1608629 | P43: 1499.6 | Q43: 958.2 | R43: 1507.9 | S43: =P43/(P43-Q43) -> 2.7698559 | T43: =R43/(R43-Q43) -> 2.7431326 | U43: =P43/(R43-Q43) -> 2.7280335
A44: G | B44: 粗集料 | C44: 10-15 | D44: 100 | E44: 100 | F44: 98.037567 | G44: 75.729167 | H44: 23.796907 | I44: 2.5733504 | J44: 2.3425373 | K44: 2.3425373 | L44: 2.3425373 | M44: 2.3425373 | N44: 2.3425373 | O44: 2.3425373 | P44: 1073.7 | Q44: 692.2 | R44: 1084.3 | S44: =P44/(P44-Q44) -> 2.8144168 | T44: =R44/(R44-Q44) -> 2.765366 | U44: =P44/(R44-Q44) -> 2.7383321
A45: G | B45: 粗集料 | C45: 5-10 | D45: 100 | E45: 100 | F45: 100 | G45: 100 | H45: 100 | I45: 15.998798 | J45: 5.843794 | K45: 12.657882 | L45: 4.8038163 | M45: 4.5889553 | N45: 4.2487911 | O45: 3.6704535 | P45: 897.5 | Q45: 575.1 | R45: 906.7 | S45: =P45/(P45-Q45) -> 2.7838089 | T45: =R45/(R45-Q45) -> 2.7343185 | U45: =P45/(R45-Q45) -> 2.7065742
A46: G | B46: 细集料 | C46: 0-5 | D46: 100 | E46: 100 | F46: 100 | G46: 100 | H46: 100 | I46: 93.593596 | J46: 70.72912 | K46: 53.367074 | L46: 44.224946 | M46: 34.685622 | N46: 26.409595 | O46: 20.06302 | V46: 294.85 | W46: 632.4 | X46: 818.18 | Y46: 300 | Z46: =V46/(V46+W46-X46) -> 2.7033098 | AA46: =Y46/(Y46+W46-X46) -> 2.6265102 | AB46: =V46/(Y46+W46-X46) -> 2.5814218
A47: G | B47: 矿粉 | C47: \ | D47: 100 | E47: 100 | F47: 100 | G47: 100 | H47: 100 | I47: 100 | J47: 100 | K47: 100 | L47: 100 | M47: 97.4 | N47: 90.2 | O47: 78.2
A48: G | B48: 粗RAP料 | C48: 10-20 | D48: 100 | E48: 100 | F48: 95.413957 | G48: 83.648149 | H48: 53.292351 | I48: 32.055164 | J48: 23.443185 | K48: 18.662839 | L48: 16.43953 | M48: 13.524839 | N48: 10.501769 | O48: 7.4739356 | P48: 840.7 | Q48: 547.1 | R48: 853.6 | S48: =P48/(P48-Q48) -> 2.8634196 | T48: =R48/(R48-Q48) -> 2.7849918 | U48: =P48/(R48-Q48) -> 2.7429038 | AG48: 1304.3 | AH48: 1243.6 | AI48: =100*AJ48/(100+AJ48) -> 4.6538373 | AJ48: =100*(AG48-AH48)/AH48 -> 4.8809907
A49: G | B49: 细RAP料 | C49: 0-10 | D49: 100 | E49: 100 | F49: 100 | G49: 100 | H49: 96.477572 | I49: 67.045423 | J49: 47.34708 | K49: 37.212802 | L49: 32.405709 | M49: 25.442579 | N49: 19.095311 | O49: 12.061026 | V49: 294.85 | W49: 642.6 | X49: 829.14 | Y49: 300 | Z49: =V49/(V49+W49-X49) -> 2.7222786 | AA49: =Y49/(Y49+W49-X49) -> 2.6441036 | AB49: =V49/(Y49+W49-X49) -> 2.5987132 | AG49: 601.3 | AH49: 567.85 | AI49: =100*AJ49/(100+AJ49) -> 5.5629469 | AJ49: =100*(AG49-AH49)/AH49 -> 5.8906401
A50: B-2 | B50: AC-10 | C50: \ | D50: 100 | E50: 100 | F50: 100 | G50: 100 | H50: 98.12216 | I50: 53.698742 | J50: 30.769231 | K50: 22.319642 | L50: 18.599937 | M50: 14.450283 | N50: 11.302028 | O50: 8.5468771 | AG50: 588.8 | AH50: 554.15 | AI50: =100*AJ50/(100+AJ50) -> 5.8848505 | AJ50: =100*(AG50-AH50)/AH50 -> 6.2528196
A51: H | B51: 粗集料 | C51: 10-15 | D51: 100 | E51: 100 | F51: 100 | G51: 79.426667 | H51: 23.62 | I51: 4.0166667 | J51: 0.68666667 | K51: 0.53666667 | L51: 0.53666667 | M51: 0.53666667 | N51: 0.53666667 | O51: 0.53666667
A52: H | B52: 粗集料 | C52: 5-10 | D52: 100 | E52: 100 | F52: 100 | G52: 100 | H52: 98.0375 | I52: 23.7375 | J52: 3.7416667 | K52: 1.6333333 | L52: 1.2666667 | M52: 1.2666667 | N52: 1.2666667 | O52: 1.2666667
A53: H | B53: 细集料 | C53: 0-5 | D53: 100 | E53: 100 | F53: 100 | G53: 100 | H53: 100 | I53: 99.84 | J53: 82.035 | K53: 61.365 | L53: 48.57 | M53: 30.76 | N53: 18.525 | O53: 11.77
A54: H | B54: 矿粉 | C54: \ | D54: 100 | E54: 100 | F54: 100 | G54: 100 | H54: 100 | I54: 100 | J54: 100 | K54: 100 | L54: 100 | M54: 97.4 | N54: 90.2 | O54: 78.2
A55: H | B55: 粗RAP料 | C55: 8-15 | D55: 100 | E55: 100 | F55: 100 | G55: 95.403682 | H55: 70.922846 | I55: 26.231311 | J55: 18.67014 | K55: 15.253044 | L55: 13.337981 | M55: 10.371692 | N55: 7.4989308 | O55: 5.1864597 | P55: 1022.3 | Q55: 666.7 | R55: 1039.45 | S55: =P55/(P55-Q55) -> 2.8748594 | T55: =R55/(R55-Q55) -> 2.7885983 | U55: =P55/(R55-Q55) -> 2.7425889 | AG55: 1001.5667 | AH55: 957.1 | AI55: =100*AJ55/(100+AJ55) -> 4.4397111 | AJ55: =100*(AG55-AH55)/AH55 -> 4.6459792
A56: H | B56: 细RAP料 | C56: 0-8 | D56: 100 | E56: 100 | F56: 100 | G56: 100 | H56: 100 | I56: 84.767234 | J56: 59.795548 | K56: 44.125173 | L56: 35.6775 | M56: 24.865461 | N56: 17.067526 | O56: 12.015187 | V56: 287.05 | W56: 637.05 | X56: 823.425 | Y56: 300 | Z56: =V56/(V56+W56-X56) -> 2.851254 | AA56: =Y56/(Y56+W56-X56) -> 2.640264 | AB56: =V56/(Y56+W56-X56) -> 2.5262926 | AG56: 601.2 | AH56: 561.06667 | AI56: =100*AJ56/(100+AJ56) -> 6.6755378 | AJ56: =100*(AG56-AH56)/AH56 -> 7.1530418
A57: I | B57: 粗集料 | C57: 10-20 | D57: 100 | E57: 93.5 | F57: 66.4 | G57: 28.4 | H57: 1.7 | I57: 0.8 | J57: 0.8 | K57: 0.8 | L57: 0.8 | M57: 0.8 | N57: 0.8 | O57: 0.8 | P57: 1983.2 | Q57: 1267.4 | R57: 2001.6 | S57: =P57/(P57-Q57) -> 2.7706063 | T57: =R57/(R57-Q57) -> 2.7262326 | U57: =P57/(R57-Q57) -> 2.7011713
A58: I | B58: 粗集料 | C58: 5-10 | D58: 100 | E58: 100 | F58: 100 | G58: 100 | H58: 94.446667 | I58: 5.9733333 | J58: 0.36 | K58: 0.36 | L58: 0.36 | M58: 0.36 | N58: 0.36 | O58: 0.36 | P58: 1464.6 | Q58: 932.5 | R58: 1478.5 | S58: =P58/(P58-Q58) -> 2.7524901 | T58: =R58/(R58-Q58) -> 2.7078755 | U58: =P58/(R58-Q58) -> 2.6824176
A59: I | B59: 细集料 | C59: 0-5 | D59: 100 | E59: 100 | F59: 100 | G59: 100 | H59: 100 | I59: 98.066667 | J59: 62.4 | K59: 37.266667 | L59: 26.441667 | M59: 16.708333 | N59: 11.675 | O59: 8.45 | V59: 296.1 | W59: 641.5 | X59: 829 | Y59: 300 | Z59: =V59/(V59+W59-X59) -> 2.7265193 | AA59: =Y59/(Y59+W59-X59) -> 2.6666667 | AB59: =V59/(Y59+W59-X59) -> 2.632
A60: I | B60: 矿粉 | C60: \ | D60: 100 | E60: 100 | F60: 100 | G60: 100 | H60: 100 | I60: 100 | J60: 100 | K60: 100 | L60: 100 | M60: 97.4 | N60: 90.2 | O60: 78.2
A61: I | B61: 粗RAP料 | C61: 10-20 | D61: 100 | E61: 100 | F61: 98.655622 | G61: 87.221619 | H61: 52.654807 | I61: 22.41988 | J61: 16.139326 | K61: 13.117871 | L61: 11.427213 | M61: 8.8810429 | N61: 6.2466051 | O61: 3.6732754 | P61: 1144 | Q61: 743.3 | R61: 1160 | S61: =P61/(P61-Q61) -> 2.8550037 | T61: =R61/(R61-Q61) -> 2.7837773 | U61: =P61/(R61-Q61) -> 2.7453804 | AG61: 1540.1 | AH61: 1472.8 | AI61: =100*AJ61/(100+AJ61) -> 4.3698461 | AJ61: =100*(AG61-AH61)/AH61 -> 4.5695274
A62: I | B62: 粗RAP料 | C62: 5-10 | D62: 100 | E62: 100 | F62: 100 | G62: 100 | H62: 97.465867 | I62: 42.107985 | J62: 19.331816 | K62: 14.677286 | L62: 12.639636 | M62: 9.2676872 | N62: 7.0645428 | O62: 4.7579644 | AG62: 1000 | AH62: 966.7 | AI62: =100*AJ62/(100+AJ62) -> 3.33 | AJ62: =100*(AG62-AH62)/AH62 -> 3.4447088
A63: I | B63: 细RAP料 | C63: 0-5 | D63: 100 | E63: 100 | F63: 100 | G63: 100 | H63: 100 | I63: 95.533769 | J63: 62.327524 | K63: 44.662309 | L63: 35.221496 | M63: 25.072622 | N63: 15.613653 | O63: 10.675381 | V63: 295.2 | W63: 630.58 | X63: 822.87 | Y63: 300 | Z63: =V63/(V63+W63-X63) -> 2.8685259 | AA63: =Y63/(Y63+W63-X63) -> 2.7852567 | AB63: =V63/(Y63+W63-X63) -> 2.7406926 | AG63: 600 | AH63: 550.2 | AI63: =100*AJ63/(100+AJ63) -> 8.3 | AJ63: =100*(AG63-AH63)/AH63 -> 9.0512541
A64: J | B64: 粗集料 | C64: 10-20 | D64: 100 | E64: 100 | F64: 100 | G64: 72.394832 | H64: 5.9698881 | I64: 0.066620494 | J64: 0 | K64: 0 | L64: 0 | M64: 0 | N64: 0 | O64: 0 | P64: 1581.9 | Q64: 1001.6 | R64: 1590.9 | S64: =P64/(P64-Q64) -> 2.7260038 | T64: =R64/(R64-Q64) -> 2.6996436 | U64: =P64/(R64-Q64) -> 2.6843713
A65: J | B65: 粗集料 | C65: 5-10 | D65: 100 | E65: 100 | F65: 100 | G65: 100 | H65: 80.65 | I65: 1.0388889 | J65: 0.18222222 | K65: 0.18222222 | L65: 0.18222222 | M65: 0.18222222 | N65: 0.18222222 | O65: 0.18222222 | P65: 1236.4 | Q65: 778.7 | R65: 1242.5 | S65: =P65/(P65-Q65) -> 2.7013328 | T65: =R65/(R65-Q65) -> 2.6789564 | U65: =P65/(R65-Q65) -> 2.6658042
A66: J | B66: 粗集料 | C66: 3-5 | D66: 100 | E66: 100 | F66: 100 | G66: 100 | H66: 100 | I66: 14.695072 | J66: 0.74879146 | K66: 0.47979491 | L66: 0.47979491 | M66: 0.47979491 | N66: 0.47979491 | O66: 0.47979491 | P66: 336.9 | Q66: 212.8 | R66: 338.9 | S66: =P66/(P66-Q66) -> 2.7147462 | T66: =R66/(R66-Q66) -> 2.6875496 | U66: =P66/(R66-Q66) -> 2.6716891
A67: J | B67: 细集料 | C67: 0-3 | D67: 100 | E67: 100 | F67: 100 | G67: 100 | H67: 100 | I67: 99.385 | J67: 85.465 | K67: 65.81 | L67: 45.96 | M67: 21.335 | N67: 12.355 | O67: 9.525 | V67: 296.3 | W67: 641.5 | X67: 829 | Y67: 300 | Z67: =V67/(V67+W67-X67) -> 2.7233456 | AA67: =Y67/(Y67+W67-X67) -> 2.6666667 | AB67: =V67/(Y67+W67-X67) -> 2.6337778
A68: J | B68: 矿粉 | C68: / | D68: 100 | E68: 100 | F68: 100 | G68: 100 | H68: 100 | I68: 100 | J68: 100 | K68: 100 | L68: 100 | M68: 97.4 | N68: 90.2 | O68: 78.2
A69: J | B69: 粗RAP料 | C69: 8-15 | D69: 100 | E69: 100 | F69: 99.984451 | G69: 93.046428 | H69: 70.079551 | I69: 40.365079 | J69: 27.537653 | K69: 22.638636 | L69: 19.002872 | M69: 13.649701 | N69: 9.6914463 | O69: 7.9727386 | P69: 1023.8 | Q69: 668.4 | R69: 1041.1 | S69: =P69/(P69-Q69) -> 2.8806978 | T69: =R69/(R69-Q69) -> 2.7933995 | U69: =P69/(R69-Q69) -> 2.7469815 | AG69: 1002.1 | AH69: 957.6 | AI69: =100*AJ69/(100-AJ69) -> 4.8735078 | AJ69: =100*(AG69-AH69)/AH69 -> 4.6470343
A70: J | B70: 细RAP料 | C70: 0-8 | D70: 100 | E70: 100 | F70: 100 | G70: 100 | H70: 97.812322 | I70: 60.802883 | J70: 39.699422 | K70: 30.710329 | L70: 24.458293 | M70: 18.295623 | N70: 13.558363 | O70: 9.9538766 | V70: 288.9 | W70: 641.2 | X70: 828.5 | Y70: 300 | Z70: =V70/(V70+W70-X70) -> 2.8435039 | AA70: =Y70/(Y70+W70-X70) -> 2.6619343 | AB70: =V70/(Y70+W70-X70) -> 2.5634428 | AG70: 601.2 | AH70: 561.1 | AI70: =100*AJ70/(100-AJ70) -> 7.696737 | AJ70: =100*(AG70-AH70)/AH70 -> 7.1466762
A71: K | B71: 粗集料 | C71: 10-20 | D71: 100 | E71: 100 | F71: 100 | G71: 61.4 | H71: 15.2 | I71: 5.1 | J71: 0 | K71: 0 | L71: 0 | M71: 0 | N71: 0 | O71: 0 | P71: 1842.9 | Q71: 1168.6 | R71: 1856 | S71: =P71/(P71-Q71) -> 2.7330565 | T71: =R71/(R71-Q71) -> 2.7000291 | U71: =P71/(R71-Q71) -> 2.6809718
A72: K | B72: 粗集料 | C72: 5-10 | D72: 100 | E72: 100 | F72: 100 | G72: 100 | H72: 68.7 | I72: 9.9 | J72: 7.8 | K72: 0 | L72: 0 | M72: 0 | N72: 0 | O72: 0 | P72: 1493.9 | Q72: 969.2 | R72: 1502.3 | S72: =P72/(P72-Q72) -> 2.8471508 | T72: =R72/(R72-Q72) -> 2.8180454 | U72: =P72/(R72-Q72) -> 2.8022885
A73: K | B73: 粗集料 | C73: 3-5 | D73: 100 | E73: 100 | F73: 100 | G73: 100 | H73: 100 | I73: 71.7 | J73: 16.7 | K73: 8.5 | L73: 0 | M73: 0 | N73: 0 | O73: 0 | P73: 1086.5 | Q73: 701.1 | R73: 1095.5 | S73: =P73/(P73-Q73) -> 2.8191489 | T73: =R73/(R73-Q73) -> 2.7776369 | U73: =P73/(R73-Q73) -> 2.7548174
A74: K | B74: 细集料 | C74: 0-3 | D74: 100 | E74: 100 | F74: 100 | G74: 100 | H74: 100 | I74: 100 | J74: 85.4 | K74: 64.2 | L74: 50.6 | M74: 37.3 | N74: 32.6 | O74: 31.4 | V74: 296.1 | W74: 641.5 | X74: 829 | Y74: 300 | Z74: =V74/(V74+W74-X74) -> 2.7265193 | AA74: =Y74/(Y74+W74-X74) -> 2.6666667 | AB74: =V74/(Y74+W74-X74) -> 2.632
A75: K | B75: 矿粉 | C75: / | D75: 100 | E75: 100 | F75: 100 | G75: 100 | H75: 100 | I75: 100 | J75: 100 | K75: 100 | L75: 100 | M75: 97.4 | N75: 90.2 | O75: 78.2
A76: K | B76: 粗RAP料 | C76: 8-15 | D76: 100 | E76: 100 | F76: 100 | G76: 88.3 | H76: 64.6 | I76: 23.7 | J76: 13.8 | K76: 11.3 | L76: 9.6 | M76: 7.6 | N76: 5.5 | O76: 3.8 | P76: 889.5 | Q76: 576.6 | R76: 900 | S76: =P76/(P76-Q76) -> 2.8427613 | T76: =R76/(R76-Q76) -> 2.7829314 | U76: =P76/(R76-Q76) -> 2.7504638 | AG76: 601.8 | AH76: 565 | AI76: =100*AJ76/(100-AJ76) -> 6.9670579 | AJ76: =100*(AG76-AH76)/AH76 -> 6.5132743
A77: K | B77: 细RAP料 | C77: 0-8 | D77: 100 | E77: 100 | F77: 100 | G77: 100 | H77: 100 | I77: 82.5 | J77: 51.7 | K77: 36.6 | L77: 26.6 | M77: 18.4 | N77: 12.4 | O77: 9 | V77: 300.5 | W77: 634 | X77: 824.8 | Y77: 306.4 | Z77: =V77/(V77+W77-X77) -> 2.739289 | AA77: =Y77/(Y77+W77-X77) -> 2.650519 | AB77: =V77/(Y77+W77-X77) -> 2.599481 | AG77: 1203.5 | AH77: 1163.9 | AI77: =100*AJ77/(100-AJ77) -> 3.5221916 | AJ77: =100*(AG77-AH77)/AH77 -> 3.4023542
A78: L | B78: 粗集料 | C78: 10-15 | D78: 100 | E78: 100 | F78: 100 | G78: 98.670833 | H78: 40.504167 | I78: 1.3708333 | J78: 0.9125 | K78: 0.9125 | L78: 0.9125 | M78: 0.9125 | N78: 0.9125 | O78: 0.9125 | P78: 990.3 | Q78: 624.3 | R78: 1000 | S78: =P78/(P78-Q78) -> 2.7057377 | T78: =R78/(R78-Q78) -> 2.6616982 | U78: =P78/(R78-Q78) -> 2.6358797
A79: L | B79: 粗集料 | C79: 5-10 | D79: 100 | E79: 100 | F79: 100 | G79: 100 | H79: 97.742857 | I79: 24.385714 | J79: 7.3 | K79: 6.3071429 | L79: 6.3071429 | M79: 6.3071429 | N79: 6.3071429 | O79: 6.3071429 | P79: 993.4 | Q79: 630.1 | R79: 1000 | S79: =P79/(P79-Q79) -> 2.7343793 | T79: =R79/(R79-Q79) -> 2.7034334 | U79: =P79/(R79-Q79) -> 2.6855907
A80: L | B80: 细集料 | C80: 0-5 | D80: 100 | E80: 100 | F80: 100 | G80: 100 | H80: 100 | I80: 99.758333 | J80: 77.825 | K80: 53.391667 | L80: 39.925 | M80: 26 | N80: 19.3 | O80: 15 | V80: 296.7 | W80: 683.3 | X80: 872.5 | Y80: 300 | Z80: =V80/(V80+W80-X80) -> 2.76 | AA80: =Y80/(Y80+W80-X80) -> 2.7075812 | AB80: =V80/(Y80+W80-X80) -> 2.6777978
A81: L | B81: 矿粉 | C81: / | D81: 100 | E81: 100 | F81: 100 | G81: 100 | H81: 100 | I81: 100 | J81: 100 | K81: 100 | L81: 100 | M81: 97.4 | N81: 90.2 | O81: 78.2
A82: L | B82: 粗RAP料 | C82: 8-15 | D82: 100 | E82: 100 | F82: 100 | G82: 91.635031 | H82: 60.040788 | I82: 31.864836 | J82: 23.270711 | K82: 18.159945 | L82: 15.518987 | M82: 11.390531 | N82: 8.2874173 | O82: 6.634093 | P82: 645.4 | Q82: 413.7 | R82: 656.2 | S82: =P82/(P82-Q82) -> 2.7854985 | T82: =R82/(R82-Q82) -> 2.7059794 | U82: =P82/(R82-Q82) -> 2.6614433 | AG82: 1002.8 | AH82: 960.2 | AI82: =100*AJ82/(100-AJ82) -> 4.6425458 | AJ82: =100*(AG82-AH82)/AH82 -> 4.4365757
A83: L | B83: 细RAP料 | C83: 0-8 | D83: 100 | E83: 100 | F83: 100 | G83: 100 | H83: 100 | I83: 67.933129 | J83: 46.159481 | K83: 33.143535 | L83: 26.815112 | M83: 18.72674 | N83: 14.286332 | O83: 10.652065 | V83: 293.6 | W83: 703.2 | X83: 889.7 | Y83: 300 | Z83: =V83/(V83+W83-X83) -> 2.7413632 | AA83: =Y83/(Y83+W83-X83) -> 2.6431718 | AB83: =V83/(Y83+W83-X83) -> 2.5867841 | AG83: 600.9 | AH83: 565 | AI83: =100*AJ83/(100-AJ83) -> 6.7851068 | AJ83: =100*(AG83-AH83)/AH83 -> 6.3539823
A84: M | B84: 粗集料 | C84: 10-15 | D84: 100 | E84: 100 | F84: 99.813333 | G84: 88.043333 | H84: 29.443333 | I84: 1.7766667 | J84: 0.66666667 | K84: 0.66666667 | L84: 0.66666667 | M84: 0.66666667 | N84: 0.66666667 | O84: 0.66666667 | P84: 1244.9 | Q84: 788.9 | R84: 1251.9 | S84: =P84/(P84-Q84) -> 2.7300439 | T84: =R84/(R84-Q84) -> 2.7038877 | U84: =P84/(R84-Q84) -> 2.6887689
A85: M | B85: 粗集料 | C85: 5-10 | D85: 100 | E85: 100 | F85: 100 | G85: 100 | H85: 95.48 | I85: 13.484 | J85: 2.32 | K85: 18.6 | L85: 2.32 | M85: 2.32 | N85: 2.32 | O85: 2.32 | P85: 933.6 | Q85: 588.7 | R85: 936.6 | S85: =P85/(P85-Q85) -> 2.7068716 | T85: =R85/(R85-Q85) -> 2.6921529 | U85: =P85/(R85-Q85) -> 2.6835297
A86: M | B86: 细集料 | C86: 0-5 | D86: 100 | E86: 100 | F86: 100 | G86: 100 | H86: 100 | I86: 96.808333 | J86: 61.933333 | K86: 37.891667 | L86: 28.316667 | M86: 19.116667 | N86: 14.408333 | O86: 11.683333 | V86: 294.7 | W86: 703.2 | X86: 891.6 | Y86: 300.5 | Z86: =V86/(V86+W86-X86) -> 2.7723424 | AA86: =Y86/(Y86+W86-X86) -> 2.6806423 | AB86: =V86/(Y86+W86-X86) -> 2.6289028
A87: M | B87: 粗RAP料 | C87: 8-15 | D87: 100 | E87: 100 | F87: 98.573604 | G87: 82.174026 | H87: 33.131742 | I87: 14.974386 | J87: 12.367008 | K87: 10.687399 | L87: 9.6693373 | M87: 8.157274 | N87: 6.2370973 | O87: 4.127988 | P87: 899.6 | Q87: 584.9 | R87: 907 | S87: =P87/(P87-Q87) -> 2.8585955 | T87: =R87/(R87-Q87) -> 2.8158957 | U87: =P87/(R87-Q87) -> 2.7929215 | AG87: 1203.6 | AH87: 1163.4 | AI87: =100*AJ87/(100-AJ87) -> 3.5790598 | AJ87: =100*(AG87-AH87)/AH87 -> 3.4553894
A88: M | B88: 细RAP料 | C88: 0-8 | D88: 100 | E88: 100 | F88: 100 | G88: 99.709456 | H88: 93.611005 | I88: 62.883665 | J88: 41.736212 | K88: 29.275016 | L88: 22.374006 | M88: 14.33211 | N88: 9.6170952 | O88: 6.5264818 | V88: 297.8 | W88: 703.1 | X88: 887.2 | Y88: 300.1 | Z88: =V88/(V88+W88-X88) -> 2.6191733 | AA88: =Y88/(Y88+W88-X88) -> 2.587069 | AB88: =V88/(Y88+W88-X88) -> 2.5672414 | AG88: 599.3 | AH88: 567.9 | AI88: =100*AJ88/(100-AJ88) -> 5.8527493 | AJ88: =100*(AG88-AH88)/AH88 -> 5.5291425
A89: N | B89: 粗集料 | C89: 18-24 | D89: 100 | E89: 58.8 | F89: 7.4 | G89: 1.8 | H89: 0.7 | I89: 0.4 | J89: 0.4 | K89: 0.4 | L89: 0.4 | M89: 0.4 | N89: 0.4 | O89: 0.4
A90: N | B90: 粗集料 | C90: 12-18 | D90: 100 | E90: 100 | F90: 91.2 | G90: 45.9 | H90: 1.2 | I90: 0.4 | J90: 0.4 | K90: 0.4 | L90: 0.4 | M90: 0.4 | N90: 0.4 | O90: 0.4
A91: N | B91: 粗集料 | C91: 5-12 | D91: 100 | E91: 100 | F91: 100 | G91: 100 | H91: 84.4 | I91: 6.5 | J91: 0.4 | K91: 0.4 | L91: 0.4 | M91: 0.4 | N91: 0.4 | O91: 0.4
A92: N | B92: 粗集料 | C92: 3-5 | D92: 100 | E92: 100 | F92: 100 | G92: 100 | H92: 100 | I92: 98 | J92: 10.7 | K92: 2.8 | L92: 2.2 | M92: 2.2 | N92: 2.2 | O92: 2.2
A93: N | B93: 细集料 | C93: 0-3 | D93: 100 | E93: 100 | F93: 100 | G93: 100 | H93: 100 | I93: 100 | J93: 89.4 | K93: 56.2 | L93: 31.5 | M93: 16.8 | N93: 10.2 | O93: 3.9
A94: N | B94: 矿粉 | C94: \ | D94: 100 | E94: 100 | F94: 100 | G94: 100 | H94: 100 | I94: 100 | J94: 100 | K94: 100 | L94: 100 | M94: 100 | N94: 99.7 | O94: 89
A95: N | B95: 粗RAP料 | C95: 10-26.5 | D95: 100 | E95: 99.2 | F95: 96.2 | G95: 90.2 | H95: 61.8 | I95: 20.3 | J95: 12.8 | K95: 10.2 | L95: 8.2 | M95: 6.6 | N95: 5.8 | O95: 4.3 | AG95: 1203.9 | AH95: 1159.9 | AI95: =100*AJ95/(100-AJ95) -> 3.9430056 | AJ95: =100*(AG95-AH95)/AH95 -> 3.7934305
A96: N | B96: 细RAP料 | C96: 0-10 | D96: 100 | E96: 100 | F96: 100 | G96: 100 | H96: 99.8 | I96: 73.9 | J96: 48.2 | K96: 35.1 | L96: 25.9 | M96: 20 | N96: 17.1 | O96: 12.6 | AG96: 651.9 | AH96: 612.2 | AI96: =100*AJ96/(100-AJ96) -> 6.9344978 | AJ96: =100*(AG96-AH96)/AH96 -> 6.4848089
A97: O | B97: 粗集料 | C97: 10-15 | D97: 100 | E97: 100 | F97: 98.998433 | G97: 58.273055 | H97: 8.331088 | I97: 0.39898967 | J97: 0.39898967 | K97: 0.39898967 | L97: 0.39898967 | M97: 0.39898967 | N97: 0.39898967 | O97: 0.39898967 | P97: 1689.5 | Q97: 1077.3 | R97: 1704 | S97: =P97/(P97-Q97) -> 2.759719 | T97: =R97/(R97-Q97) -> 2.7190043 | U97: =P97/(R97-Q97) -> 2.6958672
A98: O | B98: 粗集料 | C98: 5-10 | D98: 100 | E98: 100 | F98: 100 | G98: 100 | H98: 94.446667 | I98: 5.9733333 | J98: 0.36 | K98: 0.36 | L98: 0.36 | M98: 0.36 | N98: 0.36 | O98: 0.36 | P98: 1464.6 | Q98: 932.5 | R98: 1478.5 | S98: =P98/(P98-Q98) -> 2.7524901 | T98: =R98/(R98-Q98) -> 2.7078755 | U98: =P98/(R98-Q98) -> 2.6824176
A99: O | B99: 细集料 | C99: 0-5 | D99: 100 | E99: 100 | F99: 100 | G99: 100 | H99: 100 | I99: 98.066667 | J99: 62.4 | K99: 37.266667 | L99: 26.441667 | M99: 16.708333 | N99: 11.675 | O99: 8.45 | V99: 296.1 | W99: 641.5 | X99: 829 | Y99: 300 | Z99: =V99/(V99+W99-X99) -> 2.7265193 | AA99: =Y99/(Y99+W99-X99) -> 2.6666667 | AB99: =V99/(Y99+W99-X99) -> 2.632
A100: O | B100: 矿粉 | C100: / | D100: 100 | E100: 100 | F100: 100 | G100: 100 | H100: 100 | I100: 100 | J100: 100 | K100: 100 | L100: 100 | M100: 97.4 | N100: 90.2 | O100: 78.2
...

Sheet 级配
A1: 集料来源 | B1: 级配类型 | C1: 集料类型 | D1: 集料粒径/mm | E1: 新旧料比例 | F1: 各档比例 | G1: 筛孔尺寸/mm | S1: 表观相对密度 | T1: 毛体积相对密度 | W1: 矿料的合成表观相对密度 | X1: 合成矿料的吸水率wx | Y1: 合成矿料的沥青吸收系数C | Z1: 合成矿料的有效相对密度rse | AA1: 沥青混合料最大理论相对密度rti | AB1: 矿料的合成毛体积相对密度 | AC1: 油石比Pai（%） | AD1: 沥青用量 | AE1: RAP油石比Pri（%） | AF1: 新加沥青油石比Pri（%）
G2: 26.5 | H2: 19 | I2: 16 | J2: 13.2 | K2: 9.5 | L2: 4.75 | M2: 2.36 | N2: 1.18 | O2: 0.6 | P2: 0.3 | Q2: 0.15 | R2: 0.075 | AG2: 密级配沥青混凝土混合料矿料级配范围
A3: A | B3: 90# AC-20-1 | C3: 粗集料 | D3: 10-20 | E3: 0.5 | F3: 0.6 | G3: 100 | H3: 80.59709 | I3: 50.546914 | J3: 28.258906 | K3: 2.6894129 | L3: 0.48670346 | M3: 0 | N3: 0 | O3: 0 | P3: 0 | Q3: 0 | R3: 0 | S3: 2.745 | T3: 2.688 | U3: =级配!F3/S3*E3 -> 0.10928962 | V3: =级配!F3/T3*E3 -> 0.11160714 | W3: =1/SUM(U3:U11) -> 2.7740065 | X3: 0.423 | Y3: =0.033*X3*X3-0.2936*X3+0.9336 -> 0.81531186 | Z3: =Y3*W3+(1-Y3)*AB3 -> 2.7560115 | AA3: 2.5721137 | AB3: =1/SUM(V3:V11) -> 2.676572 | AC3: 4.3 | AD3: =100*AC3/(100+AC3) -> 4.1227229 | AF3: =AC3-E10*F10*AE10-E10*F11*AE11 -> 2.48 | AG3: 级配类型 | AI3: 通过下列筛孔(mm)的质量百分率（%)
C4: 粗集料 | D4: 5-10 | F4: 0.1 | G4: 100 | H4: 100 | I4: 100 | J4: 100 | K4: 80.59709 | L4: 50.546914 | M4: 28.258906 | N4: 2.6894129 | O4: 0.48670346 | P4: 0 | Q4: 0 | R4: 0 | S4: 2.745 | T4: 2.687 | U4: =级配!F4/S4*E3 -> 0.018214936 | V4: =级配!F4/T4*E3 -> 0.018608113 | AI4: 31.5 | AJ4: 26.5 | AK4: 19 | AL4: 16 | AM4: 13.2 | AN4: 9.5 | AO4: 4.75 | AP4: 2.36 | AQ4: 1.18 | AR4: 0.6 | AS4: 0.3 | AT4: 0.15 | AU4: 0.075
C5: 细集料 | D5: 0-5 | F5: 0.3 | G5: 100 | H5: 100 | I5: 100 | J5: 100 | K5: 100 | L5: 99.363636 | M5: 62.96182 | N5: 43.563409 | O5: 26.855123 | P5: 14.573625 | Q5: 7.8312868 | R5: 1.8948509 | S5: 2.874 | T5: 2.79 | U5: =级配!F5/S5*E3 -> 0.052192067 | V5: =级配!F5/T5*E3 -> 0.053763441 | AG5: 粗粒式 | AH5: AC- 25 | AI5: 100 | AJ5: 90~100 | AK5: 75~90 | AL5: 65-83 | AM5: 57～76 | AN5: 45 ～65 | AO5: 24～52 | AP5: 16～42 | AQ5: 12～33 | AR5: 8~24 | AS5: 5~17 | AT5: 4~13 | AU5: 3~7
C6: 矿粉 | D6: 矿粉 | F6: 0 | G6: 100 | H6: 100 | I6: 100 | J6: 100 | K6: 89.684047 | L6: 3.3944908 | M6: 1.1298305 | N6: 1.0423436 | O6: 0 | P6: 0 | Q6: 0 | R6: 0 | S6: 2.7222877 | T6: 2.6806674 | U6: =级配!F6/S6*E3 -> 0 | V6: =级配!F6/T6*E3 -> 0 | AG6: 中粒式 | AH6: AC-20 | AJ6: 100 | AK6: 90~100 | AL6: 78～92 | AM6: 62~80 | AN6: 50~72 | AO6: 26~56 | AP6: 16～44 | AQ6: 12~33 | AR6: 8～24 | AS6: 5～~17 | AT6: 4~13 | AU6: 3～7
C7: 矿粉 | D7: 矿粉 | F7: 0 | G7: 100 | H7: 100 | I7: 100 | J7: 100 | K7: 100 | L7: 95.985683 | M7: 12.69153 | N7: 5.8851935 | O7: 4.1839728 | P7: 3.6277139 | Q7: 3.3515061 | R7: 3.1246478 | S7: 2.7173719 | T7: 2.6843344 | U7: =级配!F7/S7*E3 -> 0 | V7: =级配!F7/T7*E3 -> 0 | AH7: AC- 16 | AK7: 100 | AL7: 90~100 | AM7: 76~92 | AN7: 60~80 | AO7: 34～62 | AP7: 20～48 | AQ7: 13~36 | AR7: 9～26 | AS7: 7~18 | AT7: 5-14 | AU7: 4~8
C8: 矿粉 | D8: 矿粉 | F8: 0 | G8: 100 | H8: 100 | I8: 100 | J8: 100 | K8: 100 | L8: 100 | M8: 69.772922 | N8: 41.231077 | O8: 19.951442 | P8: 11.610968 | Q8: 9.3544702 | R8: 7.0408455 | S8: 2.7173719 | T8: 2.6843344 | U8: =级配!F8/S8*E3 -> 0 | V8: =级配!F8/T8*E3 -> 0 | AG8: 细粒式 | AH8: AC-13 | AL8: 100 | AM8: 90~100 | AN8: 68 ～85 | AO8: 38～68 | AP8: 24 ~50 | AQ8: 15～38 | AR8: 10~28 | AS8: 7~20 | AT8: 5~15 | AU8: 4~8
C9: 矿粉 | D9: 矿粉 | F9: 0 | G9: 100 | H9: 100 | I9: 100 | J9: 100 | K9: 100 | L9: 100 | M9: 100 | N9: 100 | O9: 100 | P9: 100 | Q9: 100 | R9: 100 | S9: 2.7173719 | T9: 2.6843344 | U9: =级配!F9/S9*E3 -> 0 | V9: =级配!F9/T9*E3 -> 0 | AH9: AC-10 | AM9: 100 | AN9: 90~100 | AO9: 45 ～75 | AP9: 30 ～58 | AQ9: 20~44 | AR9: 13～32 | AS9: 9~23 | AT9: 6～ 16 | AU9: 4~8
C10: 粗RAP料 | D10: 10-20 | E10: 0.5 | F10: 0.6 | G10: 100 | H10: 96.805854 | I10: 92.42359 | J10: 79.362893 | K10: 32.303056 | L10: 10.908308 | M10: 8.9367198 | N10: 7.4989238 | O10: 5.9750323 | P10: 4.2875592 | Q10: 2.8755919 | R10: 1.5497202 | S10: 2.768 | T10: 2.678 | U10: =级配!F10/S10*E10 -> 0.1083815 | V10: =级配!F10/T10*E10 -> 0.1120239 | AE10: 3.4 | AG10: 砂粒式 | AH10: AC-5 | AN10: 100 | AO10: 90~100 | AP10: 55~ 75 | AQ10: 35 ～55 | AR10: 20~40 | AS10: 12~28 | AT10: 7～18 | AU10: 5~10
C11: 细RAP料 | D11: 0-10 | F11: 0.4 | G11: 100 | H11: 100 | I11: 100 | J11: 100 | K11: 84.391023 | L11: 25.308901 | M11: 9.4813819 | N11: 5.7073212 | O11: 4.4717156 | P11: 3.5723292 | Q11: 2.799025 | R11: 2.1433975 | S11: 2.762 | T11: 2.577 | U11: =级配!F11/S11*E10 -> 0.072411296 | V11: =级配!F11/T11*E10 -> 0.077609624 | AE11: 4
F12: 级配1 | G12: =$E$29*($F$29*G3+$F$30*G4+$F$31*G5+$F$32*G6+$F$33*G7+$F$34*G8+$F$35*G9)+$E$36*($F$36*G10+$F$37*G11) -> 100 | H12: =E3*(F3*H3+F4*H4+F5*H5+F6*H6+F7*H7+F8*H8+F9*H9)+E10*(F10*H10+F11*H11) -> 93.220883 | I12: =E3*(F3*I3+F4*I4+F5*I5+F6*I6+F7*I7+F8*I8+F9*I9)+E10*(F10*I10+F11*I11) -> 82.891151 | J12: =E3*(F3*J3+F4*J4+F5*J5+F6*J6+F7*J7+F8*J8+F9*J9)+E10*(F10*J10+F11*J11) -> 72.28654 | K12: =E3*(F3*K3+F4*K4+F5*K5+F6*K6+F7*K7+F8*K8+F9*K9)+E10*(F10*K10+F11*K11) -> 46.4058 | L12: =E3*(F3*L3+F4*L4+F5*L5+F6*L6+F7*L7+F8*L8+F9*L9)+E10*(F10*L10+F11*L11) -> 25.912175 | M12: =E3*(F3*M3+F4*M4+F5*M5+F6*M6+F7*M7+F8*M8+F9*M9)+E10*(F10*M10+F11*M11) -> 15.434511 | N12: =E3*(F3*N3+F4*N4+F5*N5+F6*N6+F7*N7+F8*N8+F9*N9)+E10*(F10*N10+F11*N11) -> 10.060123 | O12: =E3*(F3*O3+F4*O4+F5*O5+F6*O6+F7*O7+F8*O8+F9*O9)+E10*(F10*O10+F11*O11) -> 6.7394565 | P12: =E3*(F3*P3+F4*P4+F5*P5+F6*P6+F7*P7+F8*P8+F9*P9)+E10*(F10*P10+F11*P11) -> 4.1867773 | Q12: =E3*(F3*Q3+F4*Q4+F5*Q5+F6*Q6+F7*Q7+F8*Q8+F9*Q9)+E10*(F10*Q10+F11*Q11) -> 2.5971756 | R12: =E3*(F3*R3+F4*R4+F5*R5+F6*R6+F7*R7+F8*R8+F9*R9)+E10*(F10*R10+F11*R11) -> 1.1778232
F13: 级配上限 | G13: 100 | H13: 100 | I13: 92 | J13: 80 | K13: 72 | L13: 56 | M13: 44 | N13: 33 | O13: 24 | P13: 17 | Q13: 13 | R13: 7
F14: 级配中值 | G14: =(G13+G15)/2 -> 100 | H14: =(H13+H15)/2 -> 95 | I14: =(I13+I15)/2 -> 85 | J14: =(J13+J15)/2 -> 71 | K14: =(K13+K15)/2 -> 61 | L14: =(L13+L15)/2 -> 41 | M14: =(M13+M15)/2 -> 30 | N14: =(N13+N15)/2 -> 22.5 | ... R14: =(R13+R15)/2 -> 5
F15: 级配下限 | G15: 100 | H15: 90 | I15: 78 | J15: 62 | K15: 50 | L15: 26 | M15: 16 | N15: 12 | O15: 8 | P15: 5 | Q15: 4 | R15: 3
A16: A | B16: 90# AC-20-2 | C16: 粗集料 | D16: 10-20 | E16: 0.5 | F16: 0.4 | G16: 100 | H16: 80.59709 | I16: 50.546914 | J16: 28.258906 | K16: 2.6894129 | L16: 0.48670346 | M16: 0 | N16: 0 | O16: 0 | P16: 0 | Q16: 0 | R16: 0 | S16: 2.745 | T16: 2.688 | U16: =级配!F16/S16*E16 -> 0.072859745 | V16: =级配!F16/T16*E16 -> 0.074404762 | W16: =1/SUM(U16:U24) -> 2.7855137 | X16: 0.423 | Y16: =0.033*X16*X16-0.2936*X16+0.9336 -> 0.81531186 | Z16: =Y16*W16+(1-Y16)*AB16 -> 2.768152 | AA16: 2.5721137 | AB16: =1/SUM(V16:V24) -> 2.6915085 | AC16: 4.3 | AD16: =100*AC16/(100+AC16) -> 4.1227229 | AF16: =AC16-E23*F23*AE23-E23*F24*AE24 -> 2.51
C17: 粗集料 | D17: 5-10 | F17: 0 | G17: 100 | H17: 100 | I17: 100 | J17: 100 | K17: 80.59709 | L17: 50.546914 | M17: 28.258906 | N17: 2.6894129 | O17: 0.48670346 | P17: 0 | Q17: 0 | R17: 0 | S17: 2.745 | T17: 2.687 | U17: =级配!F17/S17*E16 -> 0 | V17: =级配!F17/T17*E16 -> 0
C18: 细集料 | D18: 0-5 | F18: 0.5 | G18: 100 | H18: 100 | I18: 100 | J18: 100 | K18: 100 | L18: 99.363636 | M18: 62.96182 | N18: 43.563409 | O18: 26.855123 | P18: 14.573625 | Q18: 7.8312868 | R18: 1.8948509 | S18: 2.874 | T18: 2.79 | U18: =级配!F18/S18*E16 -> 0.086986778 | V18: =级配!F18/T18*E16 -> 0.089605735
C19: 矿粉 | D19: 矿粉 | F19: 0 | G19: 100 | H19: 100 | I19: 100 | J19: 100 | K19: 89.684047 | L19: 3.3944908 | M19: 1.1298305 | N19: 1.0423436 | O19: 0 | P19: 0 | Q19: 0 | R19: 0 | S19: 2.7222877 | T19: 2.6806674 | U19: =级配!F19/S19*E16 -> 0 | V19: =级配!F19/T19*E16 -> 0
C20: 矿粉 | D20: 矿粉 | F20: 0 | G20: 100 | H20: 100 | I20: 100 | J20: 100 | K20: 100 | L20: 95.985683 | M20: 12.69153 | N20: 5.8851935 | O20: 4.1839728 | P20: 3.6277139 | Q20: 3.3515061 | R20: 3.1246478 | S20: 2.7173719 | T20: 2.6843344 | U20: =级配!F20/S20*E16 -> 0 | V20: =级配!F20/T20*E16 -> 0
C21: 矿粉 | D21: 矿粉 | F21: 0 | G21: 100 | H21: 100 | I21: 100 | J21: 100 | K21: 100 | L21: 100 | M21: 69.772922 | N21: 41.231077 | O21: 19.951442 | P21: 11.610968 | Q21: 9.3544702 | R21: 7.0408455 | S21: 2.7173719 | T21: 2.6843344 | U21: =级配!F21/S21*E16 -> 0 | V21: =级配!F21/T21*E16 -> 0
C22: 矿粉 | D22: 矿粉 | F22: 0.1 | G22: 100 | H22: 100 | I22: 100 | J22: 100 | K22: 100 | L22: 100 | M22: 100 | N22: 100 | O22: 100 | P22: 100 | Q22: 100 | R22: 100 | S22: 2.7173719 | T22: 2.6843344 | U22: =级配!F22/S22*E16 -> 0.018400131 | V22: =级配!F22/T22*E16 -> 0.018626591
C23: 粗RAP料 | D23: 10-20 | E23: 0.5 | F23: 0.7 | G23: 100 | H23: 96.805854 | I23: 92.42359 | J23: 79.362893 | K23: 32.303056 | L23: 10.908308 | M23: 8.9367198 | N23: 7.4989238 | O23: 5.9750323 | P23: 4.2875592 | Q23: 2.8755919 | R23: 1.5497202 | S23: 2.768 | T23: 2.678 | U23: =级配!F23/S23*E23 -> 0.12644509 | V23: =级配!F23/T23*E23 -> 0.13069455 | AE23: 3.4
C24: 细RAP料 | D24: 0-10 | F24: 0.3 | G24: 100 | H24: 100 | I24: 100 | J24: 100 | K24: 84.391023 | L24: 25.308901 | M24: 9.4813819 | N24: 5.7073212 | O24: 4.4717156 | P24: 3.5723292 | Q24: 2.799025 | R24: 2.1433975 | S24: 2.762 | T24: 2.577 | U24: =级配!F24/S24*E23 -> 0.054308472 | V24: =级配!F24/T24*E23 -> 0.058207218 | AE24: 4
F25: 级配1 | G25: =$E$29*($F$29*G16+$F$30*G17+$F$31*G18+$F$32*G19+$F$33*G20+$F$34*G21+$F$35*G22)+$E$36*($F$36*G23+$F$37*G24) -> 100 | H25: =E16*(F16*H16+F17*H17+F18*H18+F19*H19+F20*H20+F21*H21+F22*H22)+E23*(F23*H23+F24*H24) -> 95.001467 | I25: =E16*(F16*I16+F17*I17+F18*I18+F19*I19+F20*I20+F21*I21+F22*I22)+E23*(F23*I23+F24*I24) -> 87.457639 | J25: =E16*(F16*J16+F17*J17+F18*J18+F19*J19+F20*J20+F21*J21+F22*J22)+E23*(F23*J23+F24*J24) -> 78.428794 | K25: =E16*(F16*K16+F17*K17+F18*K18+F19*K19+F20*K20+F21*K21+F22*K22)+E23*(F23*K23+F24*K24) -> 54.502606 | L25: =E16*(F16*L16+F17*L17+F18*L18+F19*L19+F20*L20+F21*L21+F22*L22)+E23*(F23*L23+F24*L24) -> 37.552493 | M25: =E16*(F16*M16+F17*M17+F18*M18+F19*M19+F20*M20+F21*M21+F22*M22)+E23*(F23*M23+F24*M24) -> 25.290514 | N25: =E16*(F16*N16+F17*N17+F18*N18+F19*N19+F20*N20+F21*N21+F22*N22)+E23*(F23*N23+F24*N24) -> 19.371574 | O25: =E16*(F16*O16+F17*O17+F18*O18+F19*O19+F20*O20+F21*O21+F22*O22)+E23*(F23*O23+F24*O24) -> 14.475799 | P25: =E16*(F16*P16+F17*P17+F18*P18+F19*P19+F20*P20+F21*P21+F22*P22)+E23*(F23*P23+F24*P24) -> 10.679901 | Q25: =E16*(F16*Q16+F17*Q17+F18*Q18+F19*Q19+F20*Q20+F21*Q21+F22*Q22)+E23*(F23*Q23+F24*Q24) -> 8.3841326 | R25: =E16*(F16*R16+F17*R17+F18*R18+F19*R19+F20*R20+F21*R21+F22*R22)+E23*(F23*R23+F24*R24) -> 6.3376244
F26: 级配上限 | G26: 100 | H26: 100 | I26: 92 | J26: 80 | K26: 72 | L26: 56 | M26: 44 | N26: 33 | O26: 24 | P26: 17 | Q26: 13 | R26: 7
F27: 级配中值 | G27: =(G26+G28)/2 -> 100 | H27: =(H26+H28)/2 -> 95 | I27: =(I26+I28)/2 -> 85 | J27: =(J26+J28)/2 -> 71 | K27: =(K26+K28)/2 -> 61 | L27: =(L26+L28)/2 -> 41 | M27: =(M26+M28)/2 -> 30 | N27: =(N26+N28)/2 -> 22.5 | ... R27: =(R26+R28)/2 -> 5
F28: 级配下限 | G28: 100 | H28: 90 | I28: 78 | J28: 62 | K28: 50 | L28: 26 | M28: 16 | N28: 12 | O28: 8 | P28: 5 | Q28: 4 | R28: 3
A29: B | B29: AC-20 | C29: 粗集料 | D29: 20-30 | E29: 0.5 | F29: 0.18 | G29: 99.6 | H29: 14.7 | I29: 0 | J29: 0 | K29: 0 | L29: 0 | M29: 0 | N29: 0 | O29: 0 | P29: 0 | Q29: 0 | R29: 0 | S29: =[1]集料筛分及密度!S8 -> 2.7242298 | T29: =[1]集料筛分及密度!T8 -> 2.7076652 | U29: =级配!F29/S29*E29 -> 0.033036861 | V29: =级配!F29/T29*E29 -> 0.033238969 | W29: =1/SUM(U29:U37) -> 2.6875608 | X29: 0.708 | Y29: 0.742 | Z29: =Y29*W29+(1-Y29)*AB29 -> 2.6789255 | AA29: 2.544 | AB29: =1/SUM(V29:V37) -> 2.6540905 | AC29: 4.2 | AD29: 4.03 | AF29: =AC29-E36*F36*AE36-E36*F37*AE37 -> 2.0151621
C30: 粗集料 | D30: 10-20 | F30: 0.28 | G30: 100 | H30: 93.712216 | I30: 66.512616 | J30: 33.717212 | K30: 5.6632526 | L30: 0.44716463 | M30: 0 | N30: 0 | O30: 0 | P30: 0 | Q30: 0 | R30: 0 | S30: =[1]集料筛分及密度!S9 -> 2.7173719 | T30: =[1]集料筛分及密度!T9 -> 2.6843344 | U30: =级配!F30/S30*E29 -> 0.051520367 | V30: =级配!F30/T30*E29 -> 0.052154455
C31: 粗集料 | D31: 10-15 | F31: 0.13 | G31: 100 | H31: 100 | I31: 99.586446 | J31: 78.910673 | K31: 26.383191 | L31: 0.77822473 | M31: 0.43380263 | N31: 0.30670421 | O31: 0 | P31: 0 | Q31: 0 | R31: 0 | S31: =[1]集料筛分及密度!S10 -> 2.7222877 | T31: =[1]集料筛分及密度!T10 -> 2.6806674 | U31: =级配!F31/S31*E29 -> 0.023876976 | V31: =级配!F31/T31*E29 -> 0.024247693
C32: 粗集料 | D32: 5-10 | F32: 0.13 | G32: 100 | H32: 100 | I32: 100 | J32: 100 | K32: 89.684047 | L32: 3.3944908 | M32: 1.1298305 | N32: 1.0423436 | O32: 0 | P32: 0 | Q32: 0 | R32: 0 | S32: 2.7222877 | T32: 2.6806674 | U32: =级配!F32/S32*E29 -> 0.023876976 | V32: =级配!F32/T32*E29 -> 0.024247693
C33: 粗集料 | D33: 3-5 | F33: 0.13 | G33: 100 | H33: 100 | I33: 100 | J33: 100 | K33: 100 | L33: 95.985683 | M33: 12.69153 | N33: 5.8851935 | O33: 4.1839728 | P33: 3.6277139 | Q33: 3.3515061 | R33: 3.1246478 | S33: 2.7173719 | T33: 2.6843344 | U33: =级配!F33/S33*E29 -> 0.023920171 | V33: =级配!F33/T33*E29 -> 0.024214569
C34: 细集料 | D34: 0-3 | F34: 0.13 | G34: 100 | H34: 100 | I34: 100 | J34: 100 | K34: 100 | L34: 100 | M34: 69.772922 | N34: 41.231077 | O34: 19.951442 | P34: 11.610968 | Q34: 9.3544702 | R34: 7.0408455 | S34: =[1]集料筛分及密度!Z11 -> 2.7402235 | T34: =[1]集料筛分及密度!AA11 -> 2.6452465 | U34: =级配!F34/S34*E29 -> 0.023720693 | V34: =级配!F34/T34*E29 -> 0.024572379
C35: 矿粉 | D35: 矿粉 | F35: 0.02 | G35: 100 | H35: 100 | I35: 100 | J35: 100 | K35: 100 | L35: 100 | M35: 100 | N35: 100 | O35: 100 | P35: 99.7 | Q35: 97.1 | R35: 76.6 | S35: =[1]集料筛分及密度!Z39 -> 2.7292052 | T35: =[1]集料筛分及密度!AA39 -> 2.642669 | U35: =级配!F35/S35*E29 -> 0.0036640704 | V35: =级配!F35/T35*E29 -> 0.0037840532
C36: 粗RAP料 | D36: 10-20 | E36: 0.5 | F36: 0.6 | G36: 100 | H36: 100 | I36: 100 | J36: 92.75 | K36: 55.5 | L36: 23.1 | M36: 18.35 | N36: 13.95 | O36: 10.7 | P36: 8.6 | Q36: 7.55 | R36: 6.25 | S36: =[1]集料筛分及密度!S13 -> 2.7166645 | T36: =[1]集料筛分及密度!T13 -> 2.6933907 | U36: =级配!F36/S36*E36 -> 0.11042954 | V36: =级配!F36/T36*E36 -> 0.11138377 | AE36: 3.2827929
C37: 细RAP料 | D37: 0-10 | F37: 0.4 | G37: 100 | H37: 100 | I37: 100 | J37: 100 | K37: 98.793898 | L37: 81.170722 | M37: 61.440213 | N37: 46.2292 | O37: 32.838359 | P37: 23.463475 | Q37: 19.381251 | R37: 15.171029 | S37: =[1]集料筛分及密度!Z14 -> 2.5628227 | T37: =[1]集料筛分及密度!AA14 -> 2.5337838 | U37: =级配!F37/S37*E36 -> 0.078038952 | V37: =级配!F37/T37*E36 -> 0.078933333 | AE37: 6
F38: 级配1 | G38: =$E$29*($F$29*G29+$F$30*G30+$F$31*G31+$F$32*G32+$F$33*G33+$F$34*G34+$F$35*G35)+$E$36*($F$36*G36+$F$37*G37) -> 99.964 | H38: =E29*(F29*H29+F30*H30+F31*H31+F32*H32+F33*H33+F34*H34+F35*H35)+E36*(F36*H36+F37*H37) -> 91.44271 | I38: =E29*(F29*I29+F30*I30+F31*I31+F32*I32+F33*I33+F34*I34+F35*I35)+E36*(F36*I36+F37*I37) -> 86.284885 | J38: =E29*(F29*J29+F30*J30+F31*J31+F32*J32+F33*J33+F34*J34+F35*J35)+E36*(F36*J36+F37*J37) -> 78.174603 | K38: =E29*(F29*K29+F30*K30+F31*K31+F32*K32+F33*K33+F34*K34+F35*K35)+E36*(F36*K36+F37*K37) -> 58.746005 | L38: =E29*(F29*L29+F30*L30+F31*L31+F32*L32+F33*L33+F34*L34+F35*L35)+E36*(F36*L36+F37*L37) -> 37.237043 | M38: =E29*(F29*M29+F30*M30+F31*M31+F32*M32+F33*M33+F34*M34+F35*M35)+E36*(F36*M36+F37*M37) -> 24.254868 | N38: =E29*(F29*N29+F30*N30+F31*N31+F32*N32+F33*N33+F34*N34+F35*N35)+E36*(F36*N36+F37*N37) -> 17.581086 | O38: =E29*(F29*O29+F30*O30+F31*O31+F32*O32+F33*O33+F34*O34+F35*O35)+E36*(F36*O36+F37*O37) -> 12.346474 | P38: =E29*(F29*P29+F30*P30+F31*P31+F32*P32+F33*P33+F34*P34+F35*P35)+E36*(F36*P36+F37*P37) -> 9.2602093 | Q38: =E29*(F29*Q29+F30*Q30+F31*Q31+F32*Q32+F33*Q33+F34*Q34+F35*Q35)+E36*(F36*Q36+F37*Q37) -> 7.9381387 | R38: =E29*(F29*R29+F30*R30+F31*R31+F32*R32+F33*R33+F34*R34+F35*R35)+E36*(F36*R36+F37*R37) -> 6.3359628
F39: 级配上限 | G39: 100 | H39: 100 | I39: 92 | J39: 80 | K39: 72 | L39: 56 | M39: 44 | N39: 33 | O39: 24 | P39: 17 | Q39: 13 | R39: 7
F40: 级配中值 | G40: =(G39+G41)/2 -> 100 | H40: =(H39+H41)/2 -> 95 | I40: =(I39+I41)/2 -> 85 | J40: =(J39+J41)/2 -> 71 | K40: =(K39+K41)/2 -> 61 | L40: =(L39+L41)/2 -> 41 | M40: =(M39+M41)/2 -> 30 | N40: =(N39+N41)/2 -> 22.5 | ... R40: =(R39+R41)/2 -> 5
F41: 级配下限 | G41: 100 | H41: 90 | I41: 78 | J41: 62 | K41: 50 | L41: 26 | M41: 16 | N41: 12 | O41: 8 | P41: 5 | Q41: 4 | R41: 3
A42: C | B42: AC-20 | C42: 粗集料 | D42: 20-30 | E42: 0.5 | F42: 0.22 | G42: 99.6 | H42: 14.7 | I42: 0 | J42: 0 | K42: 0 | L42: 0 | M42: 0 | N42: 0 | O42: 0 | P42: 0 | Q42: 0 | R42: 0 | S42: 2.7242298 | T42: 2.7076652 | U42: =级配!F42/S42*E42 -> 0.040378385 | V42: =级配!F42/T42*E42 -> 0.040625406 | W42: =1/SUM(U42:U50) -> 2.6755823 | X42: 0.708 | Y42: 0.742 | Z42: =Y42*W42+(1-Y42)*AB42 -> 2.6665126 | AA42: 2.567 | AB42: =1/SUM(V42:V50) -> 2.6404284 | AC42: 4.2 | AD42: 4.03 | AF42: =AC42-E49*F49*AE49-E49*F50*AE50 -> 1.7896087
C43: 粗集料 | D43: 10-20 | F43: 0.16 | G43: 100 | H43: 93.712216 | I43: 66.512616 | J43: 33.717212 | K43: 5.6632526 | L43: 0.44716463 | M43: 0 | N43: 0 | O43: 0 | P43: 0 | Q43: 0 | R43: 0 | S43: 2.7173719 | T43: 2.6843344 | U43: =级配!F43/S43*E42 -> 0.02944021 | V43: =级配!F43/T43*E42 -> 0.029802546
C44: 粗集料 | D44: 10-15 | F44: 0.14 | G44: 100 | H44: 100 | I44: 99.586446 | J44: 78.910673 | K44: 26.383191 | L44: 0.77822473 | M44: 0.43380263 | N44: 0.30670421 | O44: 0 | P44: 0 | Q44: 0 | R44: 0 | S44: 2.7222877 | T44: 2.6806674 | U44: =级配!F44/S44*E42 -> 0.025713667 | V44: =级配!F44/T44*E42 -> 0.0261129
C45: 粗集料 | D45: 5-10 | F45: 0.14 | G45: 100 | H45: 100 | I45: 100 | J45: 100 | K45: 89.684047 | L45: 3.3944908 | M45: 1.1298305 | N45: 1.0423436 | O45: 0 | P45: 0 | Q45: 0 | R45: 0 | S45: 2.7222877 | T45: 2.6806674 | U45: =级配!F45/S45*E42 -> 0.025713667 | V45: =级配!F45/T45*E42 -> 0.0261129
C46: 粗集料 | D46: 3-5 | F46: 0.14 | G46: 100 | H46: 100 | I46: 100 | J46: 100 | K46: 100 | L46: 95.985683 | M46: 12.69153 | N46: 5.8851935 | O46: 4.1839728 | P46: 3.6277139 | Q46: 3.3515061 | R46: 3.1246478 | S46: 2.7173719 | T46: 2.6843344 | U46: =级配!F46/S46*E42 -> 0.025760184 | V46: =级配!F46/T46*E42 -> 0.026077228
C47: 细集料 | D47: 0-3 | F47: 0.18 | G47: 100 | H47: 100 | I47: 100 | J47: 100 | K47: 100 | L47: 100 | M47: 69.772922 | N47: 41.231077 | O47: 19.951442 | P47: 11.610968 | Q47: 9.3544702 | R47: 7.0408455 | S47: 2.7402235 | T47: 2.6452465 | U47: =级配!F47/S47*E42 -> 0.032844037 | V47: =级配!F47/T47*E42 -> 0.034023295
C48: 矿粉 | D48: 矿粉 | F48: 0.02 | G48: 100 | H48: 100 | I48: 100 | J48: 100 | K48: 100 | L48: 100 | M48: 100 | N48: 100 | O48: 100 | P48: 99.7 | Q48: 97.1 | R48: 76.6 | S48: 2.7292052 | T48: 2.642669 | U48: =级配!F48/S48*E42 -> 0.0036640704 | V48: =级配!F48/T48*E42 -> 0.0037840532
C49: 粗RAP料 | D49: 10-20 | E49: 0.5 | F49: 0.44 | G49: 100 | H49: 100 | I49: 100 | J49: 92.75 | K49: 55.5 | L49: 23.1 | M49: 18.35 | N49: 13.95 | O49: 10.7 | P49: 8.6 | Q49: 7.55 | R49: 6.25 | S49: 2.7166645 | T49: 2.6933907 | U49: =级配!F49/S49*E49 -> 0.080981661 | V49: =级配!F49/T49*E49 -> 0.081681429 | AE49: 3.2811631
C50: 细RAP料 | D50: 0-10 | F50: 0.56 | G50: 100 | H50: 100 | I50: 100 | J50: 100 | K50: 98.793898 | L50: 81.170722 | M50: 61.440213 | N50: 46.2292 | O50: 32.838359 | P50: 23.463475 | Q50: 19.381251 | R50: 15.171029 | S50: 2.5628227 | T50: 2.5337838 | U50: =级配!F50/S50*E49 -> 0.10925453 | V50: =级配!F50/T50*E49 -> 0.11050667 | AE50: 6.0304838
F51: 级配1 | G51: =$E$29*($F$29*G42+$F$30*G43+$F$31*G44+$F$32*G45+$F$33*G46+$F$34*G47+$F$35*G48)+$E$36*($F$36*G49+$F$37*G50) -> 99.964 | H51: =E42*(F42*H42+F43*H43+F44*H44+F45*H45+F46*H46+F47*H47+F48*H48)+E49*(F49*H49+F50*H50) -> 90.113977 | I51: =E42*(F42*I42+F43*I43+F44*I44+F45*I45+F46*I46+F47*I47+F48*I48)+E49*(F49*I49+F50*I50) -> 86.29206 | J51: =E42*(F42*J42+F43*J43+F44*J44+F45*J45+F46*J46+F47*J47+F48*J48)+E49*(F49*J49+F50*J50) -> 80.626124 | K51: =E42*(F42*K42+F43*K43+F44*K44+F45*K45+F46*K46+F47*K47+F48*K48)+E49*(F49*K49+F50*K50) -> 65.450058 | L51: =E42*(F42*L42+F43*L43+F44*L44+F45*L45+F46*L46+F47*L47+F48*L48)+E49*(F49*L49+F50*L50) -> 44.856663 | M51: =E42*(F42*M42+F43*M43+F44*M44+F45*M45+F46*M46+F47*M47+F48*M48)+E49*(F49*M49+F50*M50) -> 29.517684 | N51: =E42*(F42*N42+F43*N43+F44*N44+F45*N45+F46*N46+F47*N47+F48*N48)+E49*(F49*N49+F50*N50) -> 21.23037 | O51: =E42*(F42*O42+F43*O43+F44*O44+F45*O45+F46*O46+F47*O47+F48*O48)+E49*(F49*O49+F50*O50) -> 14.637248 | P51: =E42*(F42*P42+F43*P43+F44*P44+F45*P45+F46*P46+F47*P47+F48*P48)+E49*(F49*P49+F50*P50) -> 10.7577 | Q51: =E42*(F42*Q42+F43*Q43+F44*Q44+F45*Q45+F46*Q46+F47*Q47+F48*Q48)+E49*(F49*Q49+F50*Q50) -> 9.1352581 | R51: =E42*(F42*R42+F43*R43+F44*R44+F45*R45+F46*R46+F47*R47+F48*R48)+E49*(F49*R49+F50*R50) -> 7.2412895
F52: 级配上限 | G52: 100 | H52: 100 | I52: 92 | J52: 80 | K52: 72 | L52: 56 | M52: 44 | N52: 33 | O52: 24 | P52: 17 | Q52: 13 | R52: 7
F53: 级配中值 | G53: =(G52+G54)/2 -> 100 | H53: =(H52+H54)/2 -> 95 | I53: =(I52+I54)/2 -> 85 | J53: =(J52+J54)/2 -> 71 | K53: =(K52+K54)/2 -> 61 | L53: =(L52+L54)/2 -> 41 | M53: =(M52+M54)/2 -> 30 | N53: =(N52+N54)/2 -> 22.5 | ... R53: =(R52+R54)/2 -> 5
F54: 级配下限 | G54: 100 | H54: 90 | I54: 78 | J54: 62 | K54: 50 | L54: 26 | M54: 16 | N54: 12 | O54: 8 | P54: 5 | Q54: 4 | R54: 3
A55: D | B55: AC-20 | C55: 粗集料 | D55: 10-20 | E55: 0.5 | F55: 0.65 | G55: 100 | H55: 82.345575 | I55: 59.458728 | J55: 33.822964 | K55: 4.9826724 | L55: 0.71659447 | M55: 0 | N55: 0 | O55: 0 | P55: 0 | Q55: 0 | R55: 0 | S55: 2.737 | T55: 2.69 | U55: =级配!F55/S55*E55 -> 0.11874315 | V55: =级配!F55/T55*E55 -> 0.12081784 | W55: =1/SUM(U55:U63) -> 2.760056 | X55: 0.708 | Y55: 0.4 | Z55: =0.033*Y55*Y55-0.2936*Y55+0.9336 -> 0.82144 | AA55: 2.567 | AB55: =1/SUM(V55:V63) -> 2.6999315 | AC55: 4.4 | AD55: =100*AC55/(100+AC55) -> 4.2145594 | AF55: =AC55-E62*F62*AE62-E62*F63*AE63 -> 2.5427719
C56: 粗集料 | D56: 5-10 | F56: 0.05 | G56: 100 | H56: 100 | I56: 99.5 | J56: 66.5 | K56: 6.5 | L56: 0 | M56: 0 | N56: 0 | O56: 0 | P56: 0 | Q56: 0 | R56: 0 | S56: 2.87 | T56: 2.833 | U56: =级配!F56/S56*E55 -> 0.0087108014 | V56: =级配!F56/T56*E55 -> 0.0088245676
C57: 粗集料 | D57: 3-5 | F57: 0 | G57: 100 | H57: 100 | I57: 100 | J57: 100 | K57: 98.5 | L57: 25 | M57: 3 | N57: 2.5 | O57: 2 | P57: 2 | Q57: 2 | R57: 2 | S57: 2.744 | T57: 2.669 | U57: =级配!F57/S57*E55 -> 0 | V57: =级配!F57/T57*E55 -> 0
C58: 细集料 | D58: 0-3 | F58: 0.3 | G58: 100 | H58: 100 | I58: 100 | J58: 100 | K58: 100 | L58: 99 | M58: 63.5 | N58: 45.5 | O58: 32 | P58: 22 | Q58: 17 | R58: 12 | S58: 2.881 | T58: 2.787 | U58: =级配!F58/S58*E55 -> 0.052065255 | V58: =级配!F58/T58*E55 -> 0.053821313
C59: 矿粉 | D59: 矿粉 | F59: 0 | G59: 100 | H59: 100 | I59: 100 | J59: 100 | K59: 100 | L59: 100 | M59: 100 | N59: 100 | O59: 100 | P59: 99.7 | Q59: 97.1 | R59: 76.6 | S59: 2.7173719 | T59: 2.6843344 | U59: =级配!F59/S59*E55 -> 0 | V59: =级配!F59/T59*E55 -> 0
C60: 矿粉 | D60: 矿粉 | F60: 0 | G60: 100 | H60: 100 | I60: 100 | J60: 100 | K60: 100 | L60: 100 | M60: 100 | N60: 100 | O60: 100 | P60: 99.7 | Q60: 97.1 | R60: 76.6 | S60: 2.7402235 | T60: 2.6452465 | U60: =级配!F60/S60*E55 -> 0 | V60: =级配!F60/T60*E55 -> 0
C61: 矿粉 | D61: 矿粉 | F61: 0 | G61: 100 | H61: 100 | I61: 100 | J61: 100 | K61: 100 | L61: 100 | M61: 100 | N61: 100 | O61: 100 | P61: 99.7 | Q61: 97.1 | R61: 76.6 | S61: 2.7292052 | T61: 2.642669 | U61: =级配!F61/S61*E55 -> 0 | V61: =级配!F61/T61*E55 -> 0
C62: 粗RAP料 | D62: 10-20 | E62: 0.5 | F62: 0.6 | G62: 100 | H62: 100 | I62: 100 | J62: 100 | K62: 99.25 | L62: 62 | M62: 33.25 | N62: 24 | O62: 17 | P62: 12 | Q62: 9.5 | R62: 7 | S62: 2.714 | T62: 2.673 | U62: =级配!F62/S62*E62 -> 0.11053795 | V62: =级配!F62/T62*E62 -> 0.11223345 | AE62: 2.9291933
C63: 细RAP料 | D63: 0-10 | F63: 0.4 | G63: 100 | H63: 100 | I63: 100 | J63: 100 | K63: 99.625 | L63: 80.5 | M63: 48.375 | N63: 34.75 | O63: 24.5 | P63: 17 | Q63: 13.25 | R63: 9.5 | S63: 2.768 | T63: 2.678 | U63: =级配!F63/S63*E62 -> 0.072254335 | V63: =级配!F63/T63*E62 -> 0.074682599 | AE63: 4.8923508
F64: 级配1 | G64: =$E$29*($F$29*G55+$F$30*G56+$F$31*G57+$F$32*G58+$F$33*G59+$F$34*G60+$F$35*G61)+$E$36*($F$36*G62+$F$37*G63) -> 100 | H64: =E55*(F55*H55+F56*H56+F57*H57+F58*H58+F59*H59+F60*H60+F61*H61)+E62*(F62*H62+F63*H63) -> 94.262312 | I64: =E55*(F55*I55+F56*I56+F57*I57+F58*I58+F59*I59+F60*I60+F61*I61)+E62*(F62*I62+F63*I63) -> 86.811587 | J64: =E55*(F55*J55+F56*J56+F57*J57+F58*J58+F59*J59+F60*J60+F61*J61)+E62*(F62*J62+F63*J63) -> 77.654963 | K64: =E55*(F55*K55+F56*K56+F57*K57+F58*K58+F59*K59+F60*K60+F61*K61)+E62*(F62*K62+F63*K63) -> 66.481869 | L64: =E55*(F55*L55+F56*L56+F57*L57+F58*L58+F59*L59+F60*L60+F61*L61)+E62*(F62*L62+F63*L63) -> 49.782893 | M64: =E55*(F55*M55+F56*M56+F57*M57+F58*M58+F59*M59+F60*M60+F61*M61)+E62*(F62*M62+F63*M63) -> 29.175 | N64: =E55*(F55*N55+F56*N56+F57*N57+F58*N58+F59*N59+F60*N60+F61*N61)+E62*(F62*N62+F63*N63) -> 20.975 | O64: =E55*(F55*O55+F56*O56+F57*O57+F58*O58+F59*O59+F60*O60+F61*O61)+E62*(F62*O62+F63*O63) -> 14.8 | P64: =E55*(F55*P55+F56*P56+F57*P57+F58*P58+F59*P59+F60*P60+F61*P61)+E62*(F62*P62+F63*P63) -> 10.3 | Q64: =E55*(F55*Q55+F56*Q56+F57*Q57+F58*Q58+F59*Q59+F60*Q60+F61*Q61)+E62*(F62*Q62+F63*Q63) -> 8.05 | R64: =E55*(F55*R55+F56*R56+F57*R57+F58*R58+F59*R59+F60*R60+F61*R61)+E62*(F62*R62+F63*R63) -> 5.8
F65: 级配上限 | G65: 100 | H65: 100 | I65: 92 | J65: 80 | K65: 72 | L65: 56 | M65: 44 | N65: 33 | O65: 24 | P65: 17 | Q65: 13 | R65: 7
F66: 级配中值 | G66: =(G65+G67)/2 -> 100 | H66: =(H65+H67)/2 -> 95 | I66: =(I65+I67)/2 -> 85 | J66: =(J65+J67)/2 -> 71 | K66: =(K65+K67)/2 -> 61 | L66: =(L65+L67)/2 -> 41 | M66: =(M65+M67)/2 -> 30 | N66: =(N65+N67)/2 -> 22.5 | ... R66: =(R65+R67)/2 -> 5
F67: 级配下限 | G67: 100 | H67: 90 | I67: 78 | J67: 62 | K67: 50 | L67: 26 | M67: 16 | N67: 12 | O67: 8 | P67: 5 | Q67: 4 | R67: 3
A68: E | B68: AC-20 | C68: 粗集料 | D68: 20-30 | E68: 1 | F68: 0.06 | G68: 99.6 | H68: 14.7 | I68: 0 | J68: 0 | K68: 0 | L68: 0 | M68: 0 | N68: 0 | O68: 0 | P68: 0 | Q68: 0 | R68: 0 | S68: 2.724 | T68: 2.698 | U68: =级配!F68/S68*E68 -> 0.022026432 | V68: =级配!F68/T68*E68 -> 0.022238695 | W68: =1/SUM(U68:U76) -> 2.7140638 | X68: 1.016 | Y68: =0.033*X68*X68-0.2936*X68+0.9336 -> 0.66936685 | Z68: =0.033*Y68*Y68-0.2936*Y68+0.9336 -> 0.75185961 | AA68: 2.567 | AB68: =1/SUM(V68:V76) -> 2.6500567 | AC68: 4.5 | AD68: =100*AC68/(100+AC68) -> 4.3062201 | AF68: 4.5
C69: 粗集料 | D69: 10-20 | F69: 0.18 | G69: 100 | H69: 93.712216 | I69: 66.512616 | J69: 33.717212 | K69: 5.6632526 | L69: 0.44716463 | M69: 0 | N69: 0 | O69: 0 | P69: 0 | Q69: 0 | R69: 0 | S69: 2.724 | T69: 2.698 | U69: =级配!F69/S69*E68 -> 0.066079295 | V69: =级配!F69/T69*E68 -> 0.066716086
C70: 粗集料 | D70: 10-15 | F70: 0.2 | G70: 100 | H70: 100 | I70: 99.586446 | J70: 78.910673 | K70: 26.383191 | L70: 0.77822473 | M70: 0.43380263 | N70: 0.30670421 | O70: 0 | P70: 0 | Q70: 0 | R70: 0 | S70: 2.678 | T70: 2.625 | U70: =级配!F70/S70*E68 -> 0.074682599 | V70: =级配!F70/T70*E68 -> 0.076190476
C71: 粗集料 | D71: 5-10 | F71: 0.15 | G71: 100 | H71: 100 | I71: 100 | J71: 100 | K71: 89.684047 | L71: 3.3944908 | M71: 1.1298305 | N71: 1.0423436 | O71: 0 | P71: 0 | Q71: 0 | R71: 0 | S71: 2.717 | T71: 2.665 | U71: =级配!F71/S71*E68 -> 0.05520795 | V71: =级配!F71/T71*E68 -> 0.056285178
C72: 粗集料 | D72: 3-5 | F72: 0.15 | G72: 100 | H72: 100 | I72: 100 | J72: 100 | K72: 100 | L72: 95.985683 | M72: 12.69153 | N72: 5.8851935 | O72: 4.1839728 | P72: 3.6277139 | Q72: 3.3515061 | R72: 3.1246478 | S72: 2.722 | T72: 2.657 | U72: =级配!F72/S72*E68 -> 0.055106539 | V72: =级配!F72/T72*E68 -> 0.056454648
C73: 细集料 | D73: 0-3 | F73: 0.2 | G73: 100 | H73: 100 | I73: 100 | J73: 100 | K73: 100 | L73: 100 | M73: 69.772922 | N73: 41.231077 | O73: 19.951442 | P73: 11.610968 | Q73: 9.3544702 | R73: 7.0408455 | S73: 2.735 | T73: 2.592 | U73: =级配!F73/S73*E68 -> 0.073126143 | V73: =级配!F73/T73*E68 -> 0.077160494
C74: 矿粉 | D74: 矿粉 | F74: 0.06 | G74: 100 | H74: 100 | I74: 100 | J74: 100 | K74: 100 | L74: 100 | M74: 100 | N74: 100 | O74: 100 | P74: 99.7 | Q74: 97.1 | R74: 76.6 | S74: 2.7 | T74: 2.69 | U74: =级配!F74/S74*E68 -> 0.022222222 | V74: =级配!F74/T74*E68 -> 0.022304833
C75: 粗RAP料 | D75: 10-20 | E75: 0 | F75: 0.6 | G75: 100 | H75: 100 | I75: 100 | J75: 100 | K75: 99.25 | L75: 62 | M75: 33.25 | N75: 24 | O75: 17 | P75: 12 | Q75: 9.5 | R75: 7 | S75: 2.714 | T75: 2.673 | U75: =级配!F75/S75*E75 -> 0 | V75: =级配!F75/T75*E75 -> 0
C76: 细RAP料 | D76: 0-10 | F76: 0.4 | G76: 100 | H76: 100 | I76: 100 | J76: 100 | K76: 99.625 | L76: 80.5 | M76: 48.375 | N76: 34.75 | O76: 24.5 | P76: 17 | Q76: 13.25 | R76: 9.5 | S76: 2.768 | T76: 2.678 | U76: =级配!F76/S76*E75 -> 0 | V76: =级配!F76/T76*E75 -> 0
F77: 级配1 | G77: =$E$29*($F$29*G68+$F$30*G69+$F$31*G70+$F$32*G71+$F$33*G72+$F$34*G73+$F$35*G74)+$E$36*($F$36*G75+$F$37*G76) -> 99.964 | H77: =E68*(F68*H68+F69*H69+F70*H70+F71*H71+F72*H72+F73*H73+F74*H74)+E75*(F75*H75+F76*H76) -> 93.750199 | I77: =E68*(F68*I68+F69*I69+F70*I70+F71*I71+F72*I72+F73*I73+F74*I74)+E75*(F75*I75+F76*I76) -> 87.88956 | J77: =E68*(F68*J68+F69*J69+F70*J70+F71*J71+F72*J72+F73*J73+F74*J74)+E75*(F75*J75+F76*J76) -> 77.851233 | K77: =E68*(F68*K68+F69*K69+F70*K70+F71*K71+F72*K72+F73*K73+F74*K74)+E75*(F75*K75+F76*K76) -> 60.748631 | L77: =E68*(F68*L68+F69*L69+F70*L70+F71*L71+F72*L72+F73*L73+F74*L74)+E75*(F75*L75+F76*L76) -> 41.143161 | M77: =E68*(F68*M68+F69*M69+F70*M70+F71*M71+F72*M72+F73*M73+F74*M74)+E75*(F75*M75+F76*M76) -> 22.114549 | N77: =E68*(F68*N68+F69*N69+F70*N70+F71*N71+F72*N72+F73*N73+F74*N74)+E75*(F75*N75+F76*N76) -> 15.346687 | O77: =E68*(F68*O68+F69*O69+F70*O70+F71*O71+F72*O72+F73*O73+F74*O74)+E75*(F75*O75+F76*O76) -> 10.617884 | P77: =E68*(F68*P68+F69*P69+F70*P70+F71*P71+F72*P72+F73*P73+F74*P74)+E75*(F75*P75+F76*P76) -> 8.8483508 | Q77: =E68*(F68*Q68+F69*Q69+F70*Q70+F71*Q71+F72*Q72+F73*Q73+F74*Q74)+E75*(F75*Q75+F76*Q76) -> 8.1996199 | R77: =E68*(F68*R68+F69*R69+F70*R70+F71*R71+F72*R72+F73*R73+F74*R74)+E75*(F75*R75+F76*R76) -> 6.4728663
F78: 级配上限 | G78: 100 | H78: 100 | I78: 92 | J78: 80 | K78: 72 | L78: 56 | M78: 44 | N78: 33 | O78: 24 | P78: 17 | Q78: 13 | R78: 7
F79: 级配中值 | G79: =(G78+G80)/2 -> 100 | H79: =(H78+H80)/2 -> 95 | I79: =(I78+I80)/2 -> 85 | J79: =(J78+J80)/2 -> 71 | K79: =(K78+K80)/2 -> 61 | L79: =(L78+L80)/2 -> 41 | M79: =(M78+M80)/2 -> 30 | N79: =(N78+N80)/2 -> 22.5 | ... R79: =(R78+R80)/2 -> 5
F80: 级配下限 | G80: 100 | H80: 90 | I80: 78 | J80: 62 | K80: 50 | L80: 26 | M80: 16 | N80: 12 | O80: 8 | P80: 5 | Q80: 4 | R80: 3
A81: F | B81: AC-20-90# | C81: 粗集料 | D81: >22 | E81: 0.5 | F81: 0.18 | G81: 100 | H81: 14.7525 | I81: 3.64 | J81: 0.1275 | K81: 0 | L81: 0 | M81: 0 | N81: 0 | O81: 0 | P81: 0 | Q81: 0 | R81: 0 | S81: 2.729 | T81: 2.704 | U81: =级配!F81/S81*E81 -> 0.032979113 | V81: =级配!F81/T81*E81 -> 0.033284024 | W81: =1/SUM(U81:U89) -> 2.7774307 | X81: 0.4 | Y81: =0.033*X81*X81-0.2936*X81+0.9336 -> 0.82144 | Z81: =0.033*Y81*Y81-0.2936*Y81+0.9336 -> 0.71469242 | AA81: 2.567 | AB81: =1/SUM(V81:V89) -> 2.7410787 | AC81: 4.2 | AD81: =100*AC81/(100+AC81) -> 4.0307102 | AF81: =AC81-E88*F88*AE88-E88*F89*AE89 -> 2.0073835
C82: 粗集料 | D82: 16-22 | F82: 0.28 | G82: 100 | H82: 99.47 | I82: 94.023333 | J82: 16.586667 | K82: 0.45 | L82: 0.27333333 | M82: 0 | N82: 0 | O82: 0 | P82: 0 | Q82: 0 | R82: 0 | S82: 2.724 | T82: 2.688 | U82: =级配!F82/S82*E81 -> 0.051395007 | V82: =级配!F82/T82*E81 -> 0.052083333 | AC82: 4 | AD82: =100*AC82/(100+AC82) -> 3.8461538
C83: 粗集料 | D83: 11-16 | F83: 0.14 | G83: 100 | H83: 100 | I83: 100 | J83: 97.423333 | K83: 44.356667 | L83: 0.28333333 | M83: 0.19333333 | N83: 0.10333333 | O83: 0 | P83: 0 | Q83: 0 | R83: 0 | S83: 2.724 | T83: 2.689 | U83: =级配!F83/S83*E81 -> 0.025697504 | V83: =级配!F83/T83*E81 -> 0.026031982
C84: 粗集料 | D84: 7-11 | F84: 0.14 | G84: 100 | H84: 100 | I84: 100 | J84: 100 | K84: 96.67 | L84: 3.0533333 | M84: 0.63 | N84: 0 | O84: 0 | P84: 0 | Q84: 0 | R84: 0 | S84: 2.721 | T84: 2.681 | U84: =级配!F84/S84*E81 -> 0.025725836 | V84: =级配!F84/T84*E81 -> 0.026109661
C85: 粗集料 | D85: 4-7 | F85: 0.12 | G85: 100 | H85: 100 | I85: 100 | J85: 100 | K85: 100 | L85: 70.359936 | M85: 8.4791667 | N85: 4.5041667 | O85: 2.5666667 | P85: 1.8375 | Q85: 1.5875 | R85: 1.4208333 | S85: 2.722 | T85: 2.651 | U85: =级配!F85/S85*E81 -> 0.022042616 | V85: =级配!F85/T85*E81 -> 0.022632969
C86: 细集料 | D86: 0-4 | F86: 0.12 | G86: 100 | H86: 100 | I86: 100 | J86: 100 | K86: 100 | L86: 100 | M86: 81.365 | N86: 59.195 | O86: 34.705 | P86: 19.21 | Q86: 13.9 | R86: 11.54 | S86: 2.72 | T86: 2.65 | U86: =级配!F86/S86*E81 -> 0.022058824 | V86: =级配!F86/T86*E81 -> 0.022641509
C87: 矿粉 | D87: \ | F87: 0.02 | G87: 100 | H87: 100 | I87: 100 | J87: 100 | K87: 100 | L87: 100 | M87: 100 | N87: 100 | O87: 100 | P87: 99.6875 | Q87: 97.1125 | R87: 76.6125 | S87: 2.784 | T87: 2.784 | U87: =级配!F87/S87*E81 -> 0.003591954 | V87: =级配!F87/T87*E81 -> 0.003591954
C88: 粗RAP料 | D88: 7-14 | E88: 0.5 | F88: 0.7 | G88: 100 | H88: 100 | I88: 100 | J88: 93.432997 | K88: 58.675273 | L88: 63.708954 | M88: 26.868671 | N88: 21.321866 | O88: 16.778919 | P88: 13.464797 | Q88: 11.690907 | R88: 9.6660408 | S88: 2.835 | T88: 2.805 | U88: =级配!F88/S88*E88 -> 0.12345679 | V88: =级配!F88/T88*E88 -> 0.12477718 | AE88: 3.8421599
C89: 细RAP料 | D89: 0-7 | F89: 0.3 | G89: 100 | H89: 100 | I89: 100 | J89: 100 | K89: 100 | L89: 77.241522 | M89: 51.494988 | N89: 39.0932 | O89: 29.767484 | P89: 22.909474 | Q89: 18.817885 | R89: 13.632127 | S89: 2.825 | T89: 2.795 | U89: =级配!F89/S89*E88 -> 0.053097345 | V89: =级配!F89/T89*E88 -> 0.053667263 | AE89: 5.6524036
F90: 级配1 | G90: =$E$29*($F$29*G81+$F$30*G82+$F$31*G83+$F$32*G84+$F$33*G85+$F$34*G86+$F$35*G87)+$E$36*($F$36*G88+$F$37*G89) -> 100 | H90: =E81*(F81*H81+F82*H82+F83*H83+F84*H84+F85*H85+F86*H86+F87*H87)+E88*(F88*H88+F89*H89) -> 92.253525 | I90: =E81*(F81*I81+F82*I82+F83*I83+F84*I84+F85*I85+F86*I86+F87*I87)+E88*(F88*I88+F89*I89) -> 90.490867 | J90: =E81*(F81*J81+F82*J82+F83*J83+F84*J84+F85*J85+F86*J86+F87*J87)+E88*(F88*J88+F89*J89) -> 76.854791 | K90: =E81*(F81*K81+F82*K82+F83*K83+F84*K84+F85*K85+F86*K86+F87*K87)+E88*(F88*K88+F89*K89) -> 58.471212 | L90: =E81*(F81*L81+F82*L82+F83*L83+F84*L84+F85*L85+F86*L86+F87*L87)+E88*(F88*L88+F89*L89) -> 45.377792 | M90: =E81*(F81*M81+F82*M82+F83*M83+F84*M84+F85*M85+F86*M86+F87*M87)+E88*(F88*M88+F89*M89) -> 23.576566 | N90: =E81*(F81*N81+F82*N82+F83*N83+F84*N84+F85*N85+F86*N86+F87*N87)+E88*(F88*N88+F89*N89) -> 18.155817 | O90: =E81*(F81*O81+F82*O82+F83*O83+F84*O84+F85*O85+F86*O86+F87*O87)+E88*(F88*O88+F89*O89) -> 13.574044 | P90: =E81*(F81*P81+F82*P82+F83*P83+F84*P84+F85*P85+F86*P86+F87*P87)+E88*(F88*P88+F89*P89) -> 10.408825 | Q90: =E81*(F81*Q81+F82*Q82+F83*Q83+F84*Q84+F85*Q85+F86*Q86+F87*Q87)+E88*(F88*Q88+F89*Q89) -> 8.8148752 | R90: =E81*(F81*R81+F82*R82+F83*R83+F84*R84+F85*R85+F86*R86+F87*R87)+E88*(F88*R88+F89*R89) -> 6.9717083
F91: 级配上限 | G91: 100 | H91: 100 | I91: 92 | J91: 80 | K91: 72 | L91: 56 | M91: 44 | N91: 33 | O91: 24 | P91: 17 | Q91: 13 | R91: 7
F92: 级配中值 | G92: =(G91+G93)/2 -> 100 | H92: =(H91+H93)/2 -> 95 | I92: =(I91+I93)/2 -> 85 | J92: =(J91+J93)/2 -> 71 | K92: =(K91+K93)/2 -> 61 | L92: =(L91+L93)/2 -> 41 | M92: =(M91+M93)/2 -> 30 | N92: =(N91+N93)/2 -> 22.5 | ... R92: =(R91+R93)/2 -> 5
F93: 级配下限 | G93: 100 | H93: 90 | I93: 78 | J93: 62 | K93: 50 | L93: 26 | M93: 16 | N93: 12 | O93: 8 | P93: 5 | Q93: 4 | R93: 3
A94: F | B94: AC-20-110# | C94: 粗集料 | D94: >22 | E94: 0.5 | F94: 0.2 | G94: 100 | H94: 14.7525 | I94: 3.64 | J94: 0.1275 | K94: 0 | L94: 0 | M94: 0 | N94: 0 | O94: 0 | P94: 0 | Q94: 0 | R94: 0 | S94: 2.729 | T94: 2.704 | U94: =级配!F94/S94*E94 -> 0.036643459 | V94: =级配!F94/T94*E94 -> 0.036982249 | W94: =1/SUM(U94:U102) -> 2.7769835 | X94: 0.4 | Y94: =0.033*X94*X94-0.2936*X94+0.9336 -> 0.82144 | Z94: =0.033*Y94*Y94-0.2936*Y94+0.9336 -> 0.71469242 | AA94: 2.567 | AB94: =1/SUM(V94:V102) -> 2.7412823 | AC94: 4.2 | AD94: =100*AC94/(100+AC94) -> 4.0307102 | AF94: =AC94-E101*F101*AE101-E101*F102*AE102 -> 1.9621274
C95: 粗集料 | D95: 16-22 | F95: 0.29 | G95: 100 | H95: 99.47 | I95: 94.023333 | J95: 16.586667 | K95: 0.45 | L95: 0.27333333 | M95: 0 | N95: 0 | O95: 0 | P95: 0 | Q95: 0 | R95: 0 | S95: 2.724 | T95: 2.688 | U95: =级配!F95/S95*E94 -> 0.053230543 | V95: =级配!F95/T95*E94 -> 0.053943452
C96: 粗集料 | D96: 11-16 | F96: 0.15 | G96: 100 | H96: 100 | I96: 100 | J96: 97.423333 | K96: 44.356667 | L96: 0.28333333 | M96: 0.19333333 | N96: 0.10333333 | O96: 0 | P96: 0 | Q96: 0 | R96: 0 | S96: 2.724 | T96: 2.689 | U96: =级配!F96/S96*E94 -> 0.02753304 | V96: =级配!F96/T96*E94 -> 0.027891409
C97: 粗集料 | D97: 7-11 | F97: 0.15 | G97: 100 | H97: 100 | I97: 100 | J97: 100 | K97: 96.67 | L97: 3.0533333 | M97: 0.63 | N97: 0 | O97: 0 | P97: 0 | Q97: 0 | R97: 0 | S97: 2.721 | T97: 2.681 | U97: =级配!F97/S97*E94 -> 0.027563396 | V97: =级配!F97/T97*E94 -> 0.027974636
C98: 粗集料 | D98: 4-7 | F98: 0.1 | G98: 100 | H98: 100 | I98: 100 | J98: 100 | K98: 100 | L98: 70.359936 | M98: 8.4791667 | N98: 4.5041667 | O98: 2.5666667 | P98: 1.8375 | Q98: 1.5875 | R98: 1.4208333 | S98: 2.722 | T98: 2.651 | U98: =级配!F98/S98*E94 -> 0.018368846 | V98: =级配!F98/T98*E94 -> 0.018860807
C99: 细集料 | D99: 0-4 | F99: 0.1 | G99: 100 | H99: 100 | I99: 100 | J99: 100 | K99: 100 | L99: 100 | M99: 81.365 | N99: 59.195 | O99: 34.705 | P99: 19.21 | Q99: 13.9 | R99: 11.54 | S99: 2.72 | T99: 2.65 | U99: =级配!F99/S99*E94 -> 0.018382353 | V99: =级配!F99/T99*E94 -> 0.018867925
C100: 矿粉 | D100: \ | F100: 0.01 | G100: 100 | H100: 100 | I100: 100 | J100: 100 | K100: 100 | L100: 100 | M100: 100 | N100: 100 | O100: 100 | P100: 99.6875 | Q100: 97.1125 | R100: 76.6125 | S100: 2.784 | T100: 2.784 | U100: =级配!F100/S100*E94 -> 0.001795977 | V100: =级配!F100/T100*E94 -> 0.001795977
...

Sheet 体积指标
A1: 试件来源 | B1: 级配类型 | C1: 试件类型 | D1: 试件名称 | E1: 沥青混合料最大理论相对密度/(g/cm3) | F1: 矿料的合成毛体积相对密度/(g/cm3) | G1: 油石比/% | H1: 沥青用量/% | I1: 实验数据 | S1: 计算数据 | X1: 均值 | AC1: 60℃动力粘度/Pa·s | AD1: 针入度 | AE1: 软化点 | AF1: 残留延度（10℃）
I2: 干重/g | J2: 水中重/g | K2: 表干重/g | L2: 高度1/mm | M2: 高度2/mm | N2: 高度3/mm | O2: 高度4/mm | P2: 均值/mm | Q2: 稳定度/kN | R2: 流值/mm | S2: 毛体积密度/(g/cm3) | T2: 毛体积相对密度/(g/cm3) | U2: 空隙率/% | V2: 矿料间隙率/% | W2: 沥青饱和度/% | X2: 毛体积密度/(g/cm3) | Y2: 毛体积相对密度/(g/cm3) | Z2: 空隙率/% | AA2: 矿料间隙率/% | AB2: 沥青饱和度/%
A3: A | B3: 90# AC-20-1 | C3: 90#1（90#） | D3: 试件1 | E3: 2.5732813 | F3: 2.6661282 | G3: =100*H3/(100-H3) -> 4.3 | H3: 4.1227229 | I3: 1199.8 | J3: 715.7 | K3: 1205.3 | L3: 64.3 | M3: 63.8 | N3: 64.3 | O3: / | P3: 64.133333 | Q3: 14.03 | R3: 3.34 | S3: =I3/(K3-J3) -> 2.4505719 | T3: =0.9971*S3 -> 2.4434652 | U3: =100*(1-T3/E3) -> 5.0447667 | V3: =100-T3*(100-H3)/F3 -> 12.129961 | W3: =100*(V3-U3)/V3 -> 58.410692 | X3: =AVERAGE(S3:S7) -> 2.4620301 | Y3: =AVERAGE(T3:T7) -> 2.4548902 | Z3: =AVERAGE(U3:U7) -> 4.6007809 | AA3: =AVERAGE(V3:V7) -> 11.719103 | AB3: =AVERAGE(W3:W7) -> 60.874133 | AC3: 161 | AD3: 91 | AE3: 44 | AF3: 15
A4: A | C4: 90#1（90#） | D4: 试件2 | E4: 2.5732813 | F4: 2.6661282 | G4: =100*H4/(100-H4) -> 4.3 | H4: 4.1227229 | I4: 1205.1 | J4: 718 | K4: 1209.7 | L4: 63.9 | M4: 64.1 | N4: 64 | O4: / | P4: 64 | Q4: 12.47 | R4: 2.87 | S4: =I4/(K4-J4) -> 2.4508847 | T4: =0.9971*S4 -> 2.4437771 | U4: =100*(1-T4/E4) -> 5.0326466 | V4: =100-T4*(100-H4)/F4 -> 12.118745 | W4: =100*(V4-U4)/V4 -> 58.472213 | AC4: 161 | AD4: 91 | AE4: 44 | AF4: 15
A5: A | C5: 90#1（90#） | D5: 试件3 | E5: 2.5732813 | F5: 2.6661282 | G5: =100*H5/(100-H5) -> 4.3 | H5: 4.1227229 | I5: 1199.4 | J5: 716.3 | K5: 1202.6 | L5: 63 | M5: 63.4 | N5: 63.1 | O5: / | P5: 63.166667 | Q5: 14.58 | R5: 3.88 | S5: =I5/(K5-J5) -> 2.4663788 | T5: =0.9971*S5 -> 2.4592263 | U5: =100*(1-T5/E5) -> 4.4322785 | V5: =100-T5*(100-H5)/F5 -> 11.563174 | W5: =100*(V5-U5)/V5 -> 61.669015 | AC5: 161 | AD5: 91 | AE5: 44 | AF5: 15
A6: A | C6: 90#1（90#） | D6: 试件4 | E6: 2.5732813 | F6: 2.6661282 | G6: =100*H6/(100-H6) -> 4.3 | H6: 4.1227229 | I6: 1199.1 | J6: 715.1 | K6: 1203.6 | L6: 63.7 | M6: 63.4 | N6: 63.5 | O6: / | P6: 63.533333 | Q6: 15.7 | R6: 3.93 | S6: =I6/(K6-J6) -> 2.4546571 | T6: =0.9971*S6 -> 2.4475386 | U6: =100*(1-T6/E6) -> 4.8864718 | V6: =100-T6*(100-H6)/F6 -> 11.983477 | W6: =100*(V6-U6)/V6 -> 59.223256 | AC6: 161 | AD6: 91 | AE6: 44 | AF6: 15
A7: A | C7: 90#1（90#） | D7: 试件5 | E7: 2.5732813 | F7: 2.6661282 | G7: =100*H7/(100-H7) -> 4.3 | H7: 4.1227229 | I7: 1199.3 | J7: 719.9 | K7: 1202 | L7: 61.7 | M7: 61.7 | N7: 61.9 | O7: / | P7: 61.766667 | Q7: 15.52 | R7: 2.88 | S7: =I7/(K7-J7) -> 2.4876582 | T7: =0.9971*S7 -> 2.480444 | U7: =100*(1-T7/E7) -> 3.6077408 | V7: =100-T7*(100-H7)/F7 -> 10.80016 | W7: =100*(V7-U7)/V7 -> 66.595488 | AC7: 161 | AD7: 91 | AE7: 44 | AF7: 15
A8: A | C8: 90#1（实验室自制） | D8: 试件1 | E8: 2.5732813 | F8: 2.6661282 | G8: =100*H8/(100-H8) -> 4.3 | H8: 4.1227229 | I8: 1202.2 | J8: 711 | K8: 1210.1 | L8: 65.1 | M8: 65.3 | N8: 65.1 | O8: / | P8: 65.166667 | Q8: 13.55 | R8: 2.96 | S8: =I8/(K8-J8) -> 2.4087357 | T8: =0.9971*S8 -> 2.4017504 | U8: =100*(1-T8/E8) -> 6.6658427 | V8: =100-T8*(100-H8)/F8 -> 13.630078 | W8: =100*(V8-U8)/V8 -> 51.094612 | X8: =AVERAGE(S8:S12) -> 2.440652 | Y8: =AVERAGE(T8:T12) -> 2.4335741 | Z8: =AVERAGE(U8:U12) -> 5.4291436 | AA8: =AVERAGE(V8:V12) -> 12.485657 | AB8: =AVERAGE(W8:W12) -> 56.729326 | AC8: 161 | AD8: 91 | AE8: 44 | AF8: 15
A9: A | C9: 90#1（实验室自制） | D9: 试件2 | E9: 2.5732813 | F9: 2.6661282 | G9: =100*H9/(100-H9) -> 4.3 | H9: 4.1227229 | I9: 1196.1 | J9: 712.3 | K9: 1202.7 | L9: 63.9 | M9: 64 | N9: 63.8 | O9: / | P9: 63.9 | Q9: 13.15 | R9: 3.27 | S9: =I9/(K9-J9) -> 2.4390294 | T9: =0.9971*S9 -> 2.4319562 | U9: =100*(1-T9/E9) -> 5.4920189 | V9: =100-T9*(100-H9)/F9 -> 12.543841 | W9: =100*(V9-U9)/V9 -> 56.217405 | AC9: 161 | AD9: 91 | AE9: 44 | AF9: 15
A10: A | C10: 90#1（实验室自制） | D10: 试件3 | E10: 2.5732813 | F10: 2.6661282 | G10: =100*H10/(100-H10) -> 4.3 | H10: 4.1227229 | I10: 1198.4 | J10: 711.9 | K10: 1204.3 | L10: 63.8 | M10: 63.9 | N10: 63.7 | O10: / | P10: 63.8 | Q10: 16.33 | R10: 4.44 | S10: =I10/(K10-J10) -> 2.4337937 | T10: =0.9971*S10 -> 2.4267357 | U10: =100*(1-T10/E10) -> 5.6948928 | V10: =100-T10*(100-H10)/F10 -> 12.731577 | W10: =100*(V10-U10)/V10 -> 55.269541 | AC10: 161 | AD10: 91 | AE10: 44 | AF10: 15
A11: A | C11: 90#1（实验室自制） | D11: 试件4 | E11: 2.5732813 | F11: 2.6661282 | G11: =100*H11/(100-H11) -> 4.3 | H11: 4.1227229 | I11: 1196.6 | J11: 712.9 | K11: 1200.7 | L11: 63 | M11: 62.7 | N11: 63 | O11: / | P11: 62.9 | Q11: 15.78 | R11: 3.05 | S11: =I11/(K11-J11) -> 2.4530545 | T11: =0.9971*S11 -> 2.4459407 | U11: =100*(1-T11/E11) -> 4.948569 | V11: =100-T11*(100-H11)/F11 -> 12.040941 | W11: =100*(V11-U11)/V11 -> 58.90214 | AC11: 161 | AD11: 91 | AE11: 44 | AF11: 15
A12: A | C12: 90#1（实验室自制） | D12: 试件5 | E12: 2.5732813 | F12: 2.6661282 | G12: =100*H12/(100-H12) -> 4.3 | H12: 4.1227229 | I12: 1196.8 | J12: 715.9 | K12: 1200.7 | L12: 62.2 | M12: 62.2 | N12: 62.2 | O12: / | P12: 62.2 | Q12: 16.47 | R12: 4.46 | S12: =I12/(K12-J12) -> 2.4686469 | T12: =0.9971*S12 -> 2.4614878 | U12: =100*(1-T12/E12) -> 4.3443943 | V12: =100-T12*(100-H12)/F12 -> 11.481847 | W12: =100*(V12-U12)/V12 -> 62.162933 | AC12: 161 | AD12: 91 | AE12: 44 | AF12: 15
A13: A | C13: 90#1（实验室自制） | D13: 试件6 | E13: 2.5732813 | F13: 2.6661282 | G13: =100*H13/(100-H13) -> 4.3 | H13: 4.1227229 | I13: 1210.4 | J13: 722.3 | K13: 1214.2 | L13: 63.5 | M13: 63.5 | N13: 63.6 | O13: / | P13: 63.533333 | Q13: 17.24 | R13: 2.85 | S13: =I13/(K13-J13) -> 2.4606627 | T13: =0.9971*S13 -> 2.4535268 | U13: =100*(1-T13/E13) -> 4.6537648 | V13: =100-T13*(100-H13)/F13 -> 11.768134 | W13: =100*(V13-U13)/V13 -> 60.454522 | AC13: 161 | AD13: 91 | AE13: 44 | AF13: 15
A14: A | B14: 90# AC-20-2 | C14: 90#2（90#对比） | D14: 试件1 | E14: 2.5732813 | F14: 2.6661282 | G14: =100*H14/(100-H14) -> 4.3 | H14: 4.1227229 | I14: 1201.5 | J14: 719.1 | K14: 1208.3 | L14: 64 | M14: 64 | N14: 64 | O14: / | P14: 64 | Q14: 16.14 | R14: 3.77 | S14: =I14/(K14-J14) -> 2.4560507 | T14: =0.9971*S14 -> 2.4489281 | U14: =100*(1-T14/E14) -> 4.8324731 | V14: =100-T14*(100-H14)/F14 -> 11.933508 | W14: =100*(V14-U14)/V14 -> 59.505007 | X14: =AVERAGE(S14:S18) -> 2.4849787 | Y14: =AVERAGE(T14:T18) -> 2.4777722 | Z14: =AVERAGE(U14:U18) -> 3.7115669 | AA14: =AVERAGE(V14:V18) -> 10.896239 | AB14: =AVERAGE(W14:W18) -> 66.434485 | AC14: 161 | AD14: 91 | AE14: 44 | AF14: 15
A15: A | C15: 90#2（90#对比） | D15: 试件2 | E15: 2.5732813 | F15: 2.6661282 | G15: =100*H15/(100-H15) -> 4.3 | H15: 4.1227229 | I15: 1198.5 | J15: 716.2 | K15: 1204.2 | L15: 63 | M15: 63.2 | N15: 63 | O15: / | P15: 63.066667 | Q15: 14.1 | R15: 3.42 | S15: =I15/(K15-J15) -> 2.4559426 | T15: =0.9971*S15 -> 2.4488204 | U15: =100*(1-T15/E15) -> 4.8366607 | V15: =100-T15*(100-H15)/F15 -> 11.937383 | W15: =100*(V15-U15)/V15 -> 59.483073 | AC15: 161 | AD15: 91 | AE15: 44 | AF15: 15
A16: A | C16: 90#2（90#对比） | D16: 试件3 | E16: 2.5732813 | F16: 2.6661282 | G16: =100*H16/(100-H16) -> 4.3 | H16: 4.1227229 | I16: 1195.4 | J16: 720.5 | K16: 1200.6 | L16: 62.2 | M16: 62.2 | N16: 62.2 | O16: / | P16: 62.2 | Q16: 14.27 | R16: 2.79 | S16: =I16/(K16-J16) -> 2.4898979 | T16: =0.9971*S16 -> 2.4826772 | U16: =100*(1-T16/E16) -> 3.5209536 | V16: =100-T16*(100-H16)/F16 -> 10.719849 | W16: =100*(V16-U16)/V16 -> 67.15482 | AC16: 161 | AD16: 91 | AE16: 44 | AF16: 15
A17: A | C17: 90#2（90#对比） | D17: 试件4 | E17: 2.5732813 | F17: 2.6661282 | G17: =100*H17/(100-H17) -> 4.3 | H17: 4.1227229 | I17: 1208.5 | J17: 729.4 | K17: 1210.8 | L17: 61 | M17: 61 | N17: 61 | O17: / | P17: 61 | Q17: 16.79 | R17: 5.71 | S17: =I17/(K17-J17) -> 2.5103864 | T17: =0.9971*S17 -> 2.5031063 | U17: =100*(1-T17/E17) -> 2.7270637 | V17: =100-T17*(100-H17)/F17 -> 9.9851958 | W17: =100*(V17-U17)/V17 -> 72.688931 | AC17: 161 | AD17: 91 | AE17: 44 | AF17: 15
A18: A | C18: 90#2（90#对比） | D18: 试件5 | E18: 2.5732813 | F18: 2.6661282 | G18: =100*H18/(100-H18) -> 4.3 | H18: 4.1227229 | I18: 1195 | J18: 722.5 | K18: 1198.1 | L18: 61 | M18: 61 | N18: 61 | O18: / | P18: 61 | Q18: 16.05 | R18: 4.54 | S18: =I18/(K18-J18) -> 2.5126156 | T18: =0.9971*S18 -> 2.5053291 | U18: =100*(1-T18/E18) -> 2.6406835 | V18: =100-T18*(100-H18)/F18 -> 9.9052609 | W18: =100*(V18-U18)/V18 -> 73.340596 | AC18: 161 | AD18: 91 | AE18: 44 | AF18: 15
A19: A | C19: 90#2（90#对比） | D19: 试件6 | E19: 2.5732813 | F19: 2.6661282 | G19: =100*H19/(100-H19) -> 4.3 | H19: 4.1227229 | I19: 1201.3 | J19: 725.4 | K19: 1205.2 | L19: 61.4 | M19: 61.1 | N19: 61.8 | O19: / | P19: 61.433333 | Q19: 16.58 | R19: 5.18 | S19: =I19/(K19-J19) -> 2.5037516 | T19: =0.9971*S19 -> 2.4964907 | U19: =100*(1-T19/E19) -> 2.9841506 | V19: =100-T19*(100-H19)/F19 -> 10.2231 | W19: =100*(V19-U19)/V19 -> 70.809728 | AC19: 161 | AD19: 91 | AE19: 44 | AF19: 15
A20: B | B20: AC-20 | C20: 方案一90# | D20: 试件1 | E20: 2.544 | F20: 2.6540905 | G20: =100*H20/(100-H20) -> 4.2 | H20: 4.0307102 | I20: 1233.5 | J20: 730.9 | K20: 1235.7 | L20: 64.67 | M20: 64.3 | N20: 64.58 | O20: 64.26 | P20: 64.4525 | Q20: 16.88 | R20: 2.14 | S20: =I20/(K20-J20) -> 2.443542 | T20: =0.9971*S20 -> 2.4364557 | U20: =100*(1-T20/E20) -> 4.2273693 | V20: =100-T20*(100-H20)/F20 -> 11.900167 | W20: =100*(V20-U20)/V20 -> 64.476387 | X20: =AVERAGE(S20:S24) -> 2.4394388 | Y20: =AVERAGE(T20:T24) -> 2.4323644 | Z20: =AVERAGE(U20:U24) -> 4.3881925 | AA20: =AVERAGE(V20:V24) -> 12.048106 | AB20: =AVERAGE(W20:W24) -> 63.595091 | AC20: 161 | AD20: 91 | AE20: 44 | AF20: 15
A21: B | C21: 方案一90# | D21: 试件2 | E21: 2.544 | F21: 2.6540905 | G21: =100*H21/(100-H21) -> 4.2 | H21: 4.0307102 | I21: 1220.7 | J21: 721.3 | K21: 1221.9 | L21: 63.56 | M21: 63.55 | N21: 63.41 | O21: 63.6 | P21: 63.53 | Q21: 15.6 | R21: 2.65 | S21: =I21/(K21-J21) -> 2.4384738 | T21: =0.9971*S21 -> 2.4314023 | U21: =100*(1-T21/E21) -> 4.4260119 | V21: =100-T21*(100-H21)/F21 -> 12.082895 | W21: =100*(V21-U21)/V21 -> 63.369609 | AC21: 161 | AD21: 91 | AE21: 44 | AF21: 15
A22: B | C22: 方案一90# | D22: 试件3 | E22: 2.544 | F22: 2.6540905 | G22: =100*H22/(100-H22) -> 4.2 | H22: 4.0307102 | I22: 1221 | J22: 723.5 | K22: 1222.6 | L22: 63.79 | M22: 63.49 | N22: 63.76 | O22: 63.49 | P22: 63.6325 | Q22: 17.02 | R22: 2.47 | S22: =I22/(K22-J22) -> 2.4464035 | T22: =0.9971*S22 -> 2.439309 | U22: =100*(1-T22/E22) -> 4.115214 | V22: =100-T22*(100-H22)/F22 -> 11.796997 | W22: =100*(V22-U22)/V22 -> 65.116428 | AC22: 161 | AD22: 91 | AE22: 44 | AF22: 15
A23: B | C23: 方案一90# | D23: 试件4 | E23: 2.544 | F23: 2.6540905 | G23: =100*H23/(100-H23) -> 4.2 | H23: 4.0307102 | I23: 1220.6 | J23: 721.6 | K23: 1222.4 | L23: 63.85 | M23: 63.56 | N23: 63.57 | O23: 63.51 | P23: 63.6225 | Q23: 15.67 | R23: 2.27 | S23: =I23/(K23-J23) -> 2.4373003 | T23: =0.9971*S23 -> 2.4302321 | U23: =100*(1-T23/E23) -> 4.4720067 | V23: =100-T23*(100-H23)/F23 -> 12.125205 | W23: =100*(V23-U23)/V23 -> 63.118095 | AC23: 161 | AD23: 91 | AE23: 44 | AF23: 15
A24: B | C24: 方案一90# | D24: 试件5 | E24: 2.544 | F24: 2.6540905 | G24: =100*H24/(100-H24) -> 4.2 | H24: 4.0307102 | I24: 1220.6 | J24: 721.5 | K24: 1223.5 | L24: 65.06 | M24: 64.96 | N24: 65.07 | O24: 64.78 | P24: 64.9675 | Q24: 14.27 | R24: 2.6 | S24: =I24/(K24-J24) -> 2.4314741 | T24: =0.9971*S24 -> 2.4244228 | U24: =100*(1-T24/E24) -> 4.7003605 | V24: =100-T24*(100-H24)/F24 -> 12.335265 | W24: =100*(V24-U24)/V24 -> 61.894936 | AC24: 161 | AD24: 91 | AE24: 44 | AF24: 15
A25: B | C25: 方案二90# | D25: 试件1 | E25: 2.544 | F25: 2.6540905 | G25: =100*H25/(100-H25) -> 4.2 | H25: 4.0307102 | I25: 1233.1 | J25: 730.6 | K25: 1235.3 | L25: 63.1 | M25: 63.42 | N25: 63.43 | O25: 63.21 | P25: 63.29 | Q25: 14.49 | R25: 3.09 | S25: =I25/(K25-J25) -> 2.4432336 | T25: =0.9971*S25 -> 2.4361482 | U25: =100*(1-T25/E25) -> 4.2394565 | V25: =100-T25*(100-H25)/F25 -> 11.911286 | W25: =100*(V25-U25)/V25 -> 64.40807 | X25: =AVERAGE(S25:S29) -> 2.4432675 | Y25: =AVERAGE(T25:T29) -> 2.436182 | Z25: =AVERAGE(U25:U29) -> 4.2381274 | AA25: =AVERAGE(V25:V29) -> 11.910063 | AB25: =AVERAGE(W25:W29) -> 64.420207 | AC25: 161 | AD25: 91 | AE25: 44 | AF25: 15
A26: B | C26: 方案二90# | D26: 试件2 | E26: 2.544 | F26: 2.6540905 | G26: =100*H26/(100-H26) -> 4.2 | H26: 4.0307102 | I26: 1233.5 | J26: 730.8 | K26: 1235.6 | L26: 62.68 | M26: 62.58 | N26: 62.77 | O26: 62.84 | P26: 62.7175 | Q26: 15.41 | R26: 3.47 | S26: =I26/(K26-J26) -> 2.443542 | T26: =0.9971*S26 -> 2.4364557 | U26: =100*(1-T26/E26) -> 4.2273693 | V26: =100-T26*(100-H26)/F26 -> 11.900167 | W26: =100*(V26-U26)/V26 -> 64.476387 | AC26: 161 | AD26: 91 | AE26: 44 | AF26: 15
A27: B | C27: 方案二90# | D27: 试件3 | E27: 2.544 | F27: 2.6540905 | G27: =100*H27/(100-H27) -> 4.2 | H27: 4.0307102 | I27: 1237.3 | J27: 732.8 | K27: 1239.2 | L27: 62.88 | M27: 63.09 | N27: 63.07 | O27: 62.96 | P27: 63 | Q27: 15.76 | R27: 2.19 | S27: =I27/(K27-J27) -> 2.4433254 | T27: =0.9971*S27 -> 2.4362398 | U27: =100*(1-T27/E27) -> 4.2358573 | V27: =100-T27*(100-H27)/F27 -> 11.907975 | W27: =100*(V27-U27)/V27 -> 64.4284 | AC27: 161 | AD27: 91 | AE27: 44 | AF27: 15
A28: B | C28: 方案二90# | D28: 试件4 | E28: 2.544 | F28: 2.6540905 | G28: =100*H28/(100-H28) -> 4.2 | H28: 4.0307102 | I28: 1236.8 | J28: 731.7 | K28: 1238.8 | L28: 63.5 | M28: 63.47 | N28: 63.39 | O28: 63.27 | P28: 63.4075 | Q28: 14.38 | R28: 3.45 | S28: =I28/(K28-J28) -> 2.4389667 | T28: =0.9971*S28 -> 2.4318937 | U28: =100*(1-T28/E28) -> 4.4066954 | V28: =100-T28*(100-H28)/F28 -> 12.065126 | W28: =100*(V28-U28)/V28 -> 63.475763 | AC28: 161 | AD28: 91 | AE28: 44 | AF28: 15
A29: B | C29: 方案二90# | D29: 试件5 | E29: 2.544 | F29: 2.6540905 | G29: =100*H29/(100-H29) -> 4.2 | H29: 4.0307102 | I29: 1241.5 | J29: 735.7 | K29: 1243 | L29: 63.81 | M29: 63.95 | N29: 63.93 | O29: 63.64 | P29: 63.8325 | Q29: 14.19 | R29: 3.06 | S29: =I29/(K29-J29) -> 2.4472699 | T29: =0.9971*S29 -> 2.4401728 | U29: =100*(1-T29/E29) -> 4.0812587 | V29: =100-T29*(100-H29)/F29 -> 11.765762 | W29: =100*(V29-U29)/V29 -> 65.312415 | AC29: 161 | AD29: 91 | AE29: 44 | AF29: 15
A30: B | C30: 方案三90# | D30: 试件1 | E30: 2.544 | F30: 2.6540905 | G30: =100*H30/(100-H30) -> 4.2 | H30: 4.0307102 | I30: 1233.7 | J30: 730.3 | K30: 1235.8 | L30: 62.28 | M30: 62.41 | N30: 62.53 | O30: 62.3 | P30: 62.38 | Q30: 18.5 | R30: 2.68 | S30: =I30/(K30-J30) -> 2.4405539 | T30: =0.9971*S30 -> 2.4334763 | U30: =100*(1-T30/E30) -> 4.344485 | V30: =100-T30*(100-H30)/F30 -> 12.0079 | W30: =100*(V30-U30)/V30 -> 63.819777 | X30: =AVERAGE(S30:S34) -> 2.4446959 | Y30: =AVERAGE(T30:T34) -> 2.4376063 | Z30: =AVERAGE(U30:U34) -> 4.1821425 | AA30: =AVERAGE(V30:V34) -> 11.858564 | AB30: =AVERAGE(W30:W34) -> 64.740484 | AC30: 161 | AD30: 91 | AE30: 44 | AF30: 15
A31: B | C31: 方案三90# | D31: 试件2 | E31: 2.544 | F31: 2.6540905 | G31: =100*H31/(100-H31) -> 4.2 | H31: 4.0307102 | I31: 1235.7 | J31: 732.3 | K31: 1237.8 | L31: 62.9 | M31: 62.79 | N31: 62.83 | O31: 62.72 | P31: 62.81 | Q31: 17.59 | R31: 2.65 | S31: =I31/(K31-J31) -> 2.4445104 | T31: =0.9971*S31 -> 2.4374213 | U31: =100*(1-T31/E31) -> 4.1894141 | V31: =100-T31*(100-H31)/F31 -> 11.865253 | W31: =100*(V31-U31)/V31 -> 64.691741 | AC31: 161 | AD31: 91 | AE31: 44 | AF31: 15
A32: B | C32: 方案三90# | D32: 试件3 | E32: 2.544 | F32: 2.6540905 | G32: =100*H32/(100-H32) -> 4.2 | H32: 4.0307102 | I32: 1238.7 | J32: 733.6 | K32: 1240.8 | L32: 62.47 | M32: 62.66 | N32: 62.85 | O32: 62.65 | P32: 62.6575 | Q32: 17.48 | R32: 2.54 | S32: =I32/(K32-J32) -> 2.4422319 | T32: =0.9971*S32 -> 2.4351494 | U32: =100*(1-T32/E32) -> 4.278719 | V32: =100-T32*(100-H32)/F32 -> 11.947403 | W32: =100*(V32-U32)/V32 -> 64.187037 | AC32: 161 | AD32: 91 | AE32: 44 | AF32: 15
A33: B | C33: 方案三90# | D33: 试件4 | E33: 2.544 | F33: 2.6540905 | G33: =100*H33/(100-H33) -> 4.2 | H33: 4.0307102 | I33: 1242.9 | J33: 737.3 | K33: 1244.6 | L33: 63.91 | M33: 63.58 | N33: 63.85 | O33: 63.9 | P33: 63.81 | Q33: 16.24 | R33: 2.19 | S33: =I33/(K33-J33) -> 2.4500296 | T33: =0.9971*S33 -> 2.4429245 | U33: =100*(1-T33/E33) -> 3.9730942 | V33: =100-T33*(100-H33)/F33 -> 11.666263 | W33: =100*(V33-U33)/V33 -> 65.943729 | AC33: 161 | AD33: 91 | AE33: 44 | AF33: 15
A34: B | C34: 方案三90# | D34: 试件5 | E34: 2.544 | F34: 2.6540905 | G34: =100*H34/(100-H34) -> 4.2 | H34: 4.0307102 | I34: 1240.2 | J34: 735.1 | K34: 1242.1 | L34: 64.05 | M34: 64 | N34: 63.87 | O34: 63.8 | P34: 63.93 | Q34: 17.28 | R34: 2.32 | S34: =I34/(K34-J34) -> 2.4461538 | T34: =0.9971*S34 -> 2.43906 | U34: =100*(1-T34/E34) -> 4.125 | V34: =100-T34*(100-H34)/F34 -> 11.805999 | W34: =100*(V34-U34)/V34 -> 65.060136 | AC34: 161 | AD34: 91 | AE34: 44 | AF34: 15
A35: B | C35: 方案五90# | D35: 试件1 | E35: 2.544 | F35: 2.6540905 | G35: =100*H35/(100-H35) -> 4.2 | H35: 4.0307102 | I35: 1221.8 | J35: 723.1 | K35: 1224.3 | L35: 62.28 | M35: 62.41 | N35: 62.53 | O35: 62.3 | P35: 62.38 | Q35: 15.26 | R35: 2.65 | S35: =I35/(K35-J35) -> 2.4377494 | T35: =0.9971*S35 -> 2.4306799 | U35: =100*(1-T35/E35) -> 4.4544053 | V35: =100-T35*(100-H35)/F35 -> 12.109014 | W35: =100*(V35-U35)/V35 -> 63.214137 | X35: =AVERAGE(S35:S39) -> 2.4358271 | Y35: =AVERAGE(T35:T39) -> 2.4287632 | Z35: =AVERAGE(U35:U39) -> 4.5297487 | AA35: =AVERAGE(V35:V39) -> 12.178321 | AB35: =AVERAGE(W35:W39) -> 62.810273 | AC35: 161 | AD35: 91 | AE35: 44 | AF35: 15
A36: B | C36: 方案五90# | D36: 试件2 | E36: 2.544 | F36: 2.6540905 | G36: =100*H36/(100-H36) -> 4.2 | H36: 4.0307102 | I36: 1220 | J36: 722.1 | K36: 1223.3 | L36: 62.9 | M36: 62.79 | N36: 62.83 | O36: 62.72 | P36: 62.81 | Q36: 15.39 | R36: 2.11 | S36: =I36/(K36-J36) -> 2.434158 | T36: =0.9971*S36 -> 2.427099 | U36: =100*(1-T36/E36) -> 4.5951666 | V36: =100-T36*(100-H36)/F36 -> 12.238498 | W36: =100*(V36-U36)/V36 -> 62.453183 | AC36: 161 | AD36: 91 | AE36: 44 | AF36: 15
A37: B | C37: 方案五90# | D37: 试件3 | E37: 2.544 | F37: 2.6540905 | G37: =100*H37/(100-H37) -> 4.2 | H37: 4.0307102 | I37: 1218.2 | J37: 720.2 | K37: 1221.1 | L37: 62.47 | M37: 62.66 | N37: 62.85 | O37: 62.65 | P37: 62.6575 | Q37: 14.05 | R37: 2.23 | S37: =I37/(K37-J37) -> 2.4320224 | T37: =0.9971*S37 -> 2.4249695 | U37: =100*(1-T37/E37) -> 4.6788721 | V37: =100-T37*(100-H37)/F37 -> 12.315498 | W37: =100*(V37-U37)/V37 -> 62.008259 | AC37: 161 | AD37: 91 | AE37: 44 | AF37: 15
A38: B | C38: 方案五90# | D38: 试件4 | E38: 2.544 | F38: 2.6540905 | G38: =100*H38/(100-H38) -> 4.2 | H38: 4.0307102 | I38: 1218.6 | J38: 720.7 | K38: 1221.2 | L38: 63.91 | M38: 63.58 | N38: 63.85 | O38: 63.9 | P38: 63.81 | Q38: 14.19 | R38: 2.26 | S38: =I38/(K38-J38) -> 2.4347652 | T38: =0.9971*S38 -> 2.4277044 | U38: =100*(1-T38/E38) -> 4.5713673 | V38: =100-T38*(100-H38)/F38 -> 12.216606 | W38: =100*(V38-U38)/V38 -> 62.580709 | AC38: 161 | AD38: 91 | AE38: 44 | AF38: 15
A39: B | C39: 方案五90# | D39: 试件5 | E39: 2.544 | F39: 2.6540905 | G39: =100*H39/(100-H39) -> 4.2 | H39: 4.0307102 | I39: 1219 | J39: 721.8 | K39: 1221.3 | L39: 64.05 | M39: 64 | N39: 63.87 | O39: 63.8 | P39: 63.93 | Q39: 14.74 | R39: 2.56 | S39: =I39/(K39-J39) -> 2.4404404 | T39: =0.9971*S39 -> 2.4333632 | U39: =100*(1-T39/E39) -> 4.3489323 | V39: =100-T39*(100-H39)/F39 -> 12.011991 | W39: =100*(V39-U39)/V39 -> 63.795076 | AC39: 161 | AD39: 91 | AE39: 44 | AF39: 15
A40: B | C40: 110# | D40: 试件1 | E40: 2.544 | F40: 2.6540905 | G40: =100*H40/(100-H40) -> 4.2 | H40: 4.0307102 | I40: 1235.7 | J40: 736 | K40: 1238.2 | L40: 64.3 | M40: 64.59 | N40: 64.67 | O40: 64.32 | P40: 64.47 | Q40: 14.66 | R40: 2.5 | S40: =I40/(K40-J40) -> 2.4605735 | T40: =0.9971*S40 -> 2.4534378 | U40: =100*(1-T40/E40) -> 3.5598344 | V40: =100-T40*(100-H40)/F40 -> 11.286111 | W40: =100*(V40-U40)/V40 -> 68.458274 | X40: =AVERAGE(S40:S44) -> 2.4569757 | Y40: =AVERAGE(T40:T44) -> 2.4498505 | Z40: =AVERAGE(U40:U44) -> 3.7008445 | AA40: =AVERAGE(V40:V44) -> 11.415825 | AB40: =AVERAGE(W40:W44) -> 67.591917 | AC40: 144 | AD40: 107.8 | AE40: 43.95 | AF40: 60.3
A41: B | C41: 110# | D41: 试件2 | E41: 2.544 | F41: 2.6540905 | G41: =100*H41/(100-H41) -> 4.2 | H41: 4.0307102 | I41: 1232.9 | J41: 734 | K41: 1234.9 | L41: 63.99 | M41: 64.11 | N41: 63.84 | O41: 63.94 | P41: 63.97 | Q41: 14.24 | R41: 2.54 | S41: =I41/(K41-J41) -> 2.4613695 | T41: =0.9971*S41 -> 2.4542316 | U41: =100*(1-T41/E41) -> 3.5286335 | V41: =100-T41*(100-H41)/F41 -> 11.25741 | W41: =100*(V41-U41)/V41 -> 68.655015 | AC41: 144 | AD41: 107.8 | AE41: 43.95 | AF41: 60.3
A42: B | C42: 110# | D42: 试件3 | E42: 2.544 | F42: 2.6540905 | G42: =100*H42/(100-H42) -> 4.2 | H42: 4.0307102 | I42: 1232.5 | J42: 733.1 | K42: 1234.9 | L42: 64.35 | M42: 64.62 | N42: 64.39 | O42: 64.64 | P42: 64.5 | Q42: 14.94 | R42: 3.27 | S42: =I42/(K42-J42) -> 2.4561578 | T42: =0.9971*S42 -> 2.449035 | U42: =100*(1-T42/E42) -> 3.732902 | V42: =100-T42*(100-H42)/F42 -> 11.445314 | W42: =100*(V42-U42)/V42 -> 67.384888 | AC42: 144 | AD42: 107.8 | AE42: 43.95 | AF42: 60.3
A43: B | C43: 110# | D43: 试件4 | E43: 2.544 | F43: 2.6540905 | G43: =100*H43/(100-H43) -> 4.2 | H43: 4.0307102 | I43: 1228.5 | J43: 730.1 | K43: 1231.3 | L43: 64.29 | M43: 64.36 | N43: 64.48 | O43: 64.26 | P43: 64.3475 | Q43: 13.52 | R43: 2.58 | S43: =I43/(K43-J43) -> 2.4511173 | T43: =0.9971*S43 -> 2.4440091 | U43: =100*(1-T43/E43) -> 3.9304608 | V43: =100-T43*(100-H43)/F43 -> 11.627045 | W43: =100*(V43-U43)/V43 -> 66.195532 | AC43: 144 | AD43: 107.8 | AE43: 43.95 | AF43: 60.3
A44: B | C44: 110# | D44: 试件5 | E44: 2.544 | F44: 2.6540905 | G44: =100*H44/(100-H44) -> 4.2 | H44: 4.0307102 | I44: 1221.2 | J44: 725.9 | K44: 1223.2 | L44: 64.2 | M44: 64.6 | N44: 64.47 | O44: 64.34 | P44: 64.4025 | Q44: 15.14 | R44: 2.29 | S44: =I44/(K44-J44) -> 2.4556606 | T44: =0.9971*S44 -> 2.4485392 | U44: =100*(1-T44/E44) -> 3.7523918 | V44: =100-T44*(100-H44)/F44 -> 11.463242 | W44: =100*(V44-U44)/V44 -> 67.265877 | AC44: 144 | AD44: 107.8 | AE44: 43.95 | AF44: 60.3
A45: B | C45: 130# | D45: 试件1 | E45: 2.544 | F45: 2.6540905 | G45: =100*H45/(100-H45) -> 4.2 | H45: 4.0307102 | I45: 1228 | J45: 734.9 | K45: 1230.9 | L45: 64.27 | M45: 64.15 | N45: 64.31 | O45: 64.29 | P45: 64.255 | Q45: 13.39 | R45: 2.77 | S45: =I45/(K45-J45) -> 2.4758065 | T45: =0.9971*S45 -> 2.4686266 | U45: =100*(1-T45/E45) -> 2.9627904 | V45: =100-T45*(100-H45)/F45 -> 10.7369 | W45: =100*(V45-U45)/V45 -> 72.405531 | X45: =AVERAGE(S45:S49) -> 2.4658808 | Y45: =AVERAGE(T45:T49) -> 2.4587298 | Z45: =AVERAGE(U45:U49) -> 3.3518169 | AA45: =AVERAGE(V45:V49) -> 11.094759 | AB45: =AVERAGE(W45:W49) -> 69.812956 | AC45: 111 | AD45: 124 | AE45: 41.5 | AF45: 56
A46: B | C46: 130# | D46: 试件2 | E46: 2.544 | F46: 2.6540905 | G46: =100*H46/(100-H46) -> 4.2 | H46: 4.0307102 | I46: 1217.5 | J46: 725 | K46: 1219.1 | L46: 63.95 | M46: 63.82 | N46: 63.92 | O46: 63.85 | P46: 63.885 | Q46: 13.79 | R46: 2.62 | S46: =I46/(K46-J46) -> 2.4640761 | T46: =0.9971*S46 -> 2.4569303 | U46: =100*(1-T46/E46) -> 3.422552 | V46: =100-T46*(100-H46)/F46 -> 11.159827 | W46: =100*(V46-U46)/V46 -> 69.331497 | AC46: 111 | AD46: 124 | AE46: 41.5 | AF46: 56
A47: B | C47: 130# | D47: 试件3 | E47: 2.544 | F47: 2.6540905 | G47: =100*H47/(100-H47) -> 4.2 | H47: 4.0307102 | I47: 1214.5 | J47: 723.8 | K47: 1216.7 | L47: 63.76 | M47: 63.98 | N47: 63.66 | O47: 64 | P47: 63.85 | Q47: 13.73 | R47: 2.4 | S47: =I47/(K47-J47) -> 2.4639886 | T47: =0.9971*S47 -> 2.4568431 | U47: =100*(1-T47/E47) -> 3.4259799 | V47: =100-T47*(100-H47)/F47 -> 11.162981 | W47: =100*(V47-U47)/V47 -> 69.309453 | AC47: 111 | AD47: 124 | AE47: 41.5 | AF47: 56
A48: B | C48: 130# | D48: 试件4 | E48: 2.544 | F48: 2.6540905 | G48: =100*H48/(100-H48) -> 4.2 | H48: 4.0307102 | I48: 1215.7 | J48: 723.3 | K48: 1217.5 | L48: 63.88 | M48: 64.22 | N48: 64.14 | O48: 64.24 | P48: 64.12 | Q48: 13.6 | R48: 2.34 | S48: =I48/(K48-J48) -> 2.4599352 | T48: =0.9971*S48 -> 2.4528014 | U48: =100*(1-T48/E48) -> 3.5848492 | V48: =100-T48*(100-H48)/F48 -> 11.309122 | W48: =100*(V48-U48)/V48 -> 68.301261 | AC48: 111 | AD48: 124 | AE48: 41.5 | AF48: 56
A49: B | C49: 130# | D49: 试件5 | E49: 2.544 | F49: 2.6540905 | G49: =100*H49/(100-H49) -> 4.2 | H49: 4.0307102 | I49: 1214.8 | J49: 723.8 | K49: 1216.5 | L49: 63.62 | M49: 63.91 | N49: 63.58 | O49: 63.95 | P49: 63.765 | Q49: 13.94 | R49: 2.5 | S49: =I49/(K49-J49) -> 2.4655977 | T49: =0.9971*S49 -> 2.4584475 | U49: =100*(1-T49/E49) -> 3.362913 | V49: =100-T49*(100-H49)/F49 -> 11.104966 | W49: =100*(V49-U49)/V49 -> 69.717036 | AC49: 111 | AD49: 124 | AE49: 41.5 | AF49: 56
A50: B | C50: 90# | D50: 试件1 | E50: 2.544 | F50: 2.6540905 | G50: =100*H50/(100-H50) -> 4.2 | H50: 4.0307102 | I50: 1221.8 | J50: 727.2 | K50: 1231.1 | L50: 64.51 | M50: 64.64 | N50: 64.41 | O50: 64.48 | P50: 64.51 | Q50: 14.92 | R50: 2.14 | S50: =I50/(K50-J50) -> 2.4246874 | T50: =0.9971*S50 -> 2.4176558 | U50: =100*(1-T50/E50) -> 4.9663583 | V50: =100-T50*(100-H50)/F50 -> 12.579952 | W50: =100*(V50-U50)/V50 -> 60.521644 | X50: =AVERAGE(S50:S54) -> 2.4311046 | Y50: =AVERAGE(T50:T54) -> 2.4240544 | Z50: =AVERAGE(U50:U54) -> 4.7148429 | AA50: =AVERAGE(V50:V54) -> 12.348587 | AB50: =AVERAGE(W50:W54) -> 61.874249 | AC50: 161 | AD50: 91 | AE50: 44 | AF50: 15
A51: B | C51: 90# | D51: 试件2 | E51: 2.544 | F51: 2.6540905 | G51: =100*H51/(100-H51) -> 4.2 | H51: 4.0307102 | I51: 1220 | J51: 727.2 | K51: 1231.7 | L51: 64.36 | M51: 64.66 | N51: 64.29 | O51: 64.58 | P51: 64.4725 | Q51: 15.02 | R51: 2.5 | S51: =I51/(K51-J51) -> 2.4182359 | T51: =0.9971*S51 -> 2.411223 | U51: =100*(1-T51/E51) -> 5.219222 | V51: =100-T51*(100-H51)/F51 -> 12.812558 | W51: =100*(V51-U51)/V51 -> 59.264793 | AC51: 161 | AD51: 91 | AE51: 44 | AF51: 15
A52: B | C52: 90# | D52: 试件3 | E52: 2.544 | F52: 2.6540905 | G52: =100*H52/(100-H52) -> 4.2 | H52: 4.0307102 | I52: 1218.2 | J52: 722.5 | K52: 1220.4 | L52: 63.39 | M52: 63.79 | N52: 63.5 | O52: 63.77 | P52: 63.6125 | Q52: 14.6 | R52: 2.67 | S52: =I52/(K52-J52) -> 2.446676 | T52: =0.9971*S52 -> 2.4395807 | U52: =100*(1-T52/E52) -> 4.1045331 | V52: =100-T52*(100-H52)/F52 -> 11.787172 | W52: =100*(V52-U52)/V52 -> 65.177965 | AC52: 161 | AD52: 91 | AE52: 44 | AF52: 15
A53: B | C53: 90# | D53: 试件4 | E53: 2.544 | F53: 2.6540905 | G53: =100*H53/(100-H53) -> 4.2 | H53: 4.0307102 | I53: 1221.6 | J53: 723.4 | K53: 1225.6 | L53: 64.22 | M53: 64.35 | N53: 64.37 | O53: 64.32 | P53: 64.315 | Q53: 14.9 | R53: 2.56 | S53: =I53/(K53-J53) -> 2.432497 | T53: =0.9971*S53 -> 2.4254428 | U53: =100*(1-T53/E53) -> 4.6602684 | V53: =100-T53*(100-H53)/F53 -> 12.298385 | W53: =100*(V53-U53)/V53 -> 62.106662 | AC53: 161 | AD53: 91 | AE53: 44 | AF53: 15
A54: B | C54: 90# | D54: 试件5 | E54: 2.544 | F54: 2.6540905 | G54: =100*H54/(100-H54) -> 4.2 | H54: 4.0307102 | I54: 1217.2 | J54: 720.4 | K54: 1220.6 | L54: 64.3 | M54: 64.27 | N54: 64.22 | O54: 64.16 | P54: 64.2375 | Q54: 14.83 | R54: 2.43 | S54: =I54/(K54-J54) -> 2.4334266 | T54: =0.9971*S54 -> 2.4263697 | U54: =100*(1-T54/E54) -> 4.6238329 | V54: =100-T54*(100-H54)/F54 -> 12.264868 | W54: =100*(V54-U54)/V54 -> 62.300183 | AC54: 161 | AD54: 91 | AE54: 44 | AF54: 15
A55: C | B55: AC-20 | C55: 90#-1 | D55: 试件1 | E55: 2.567 | F55: 2.6404284 | G55: =100*H55/(100-H55) -> 4.2 | H55: 4.0307102 | I55: 1243.9 | J55: 743.2 | K55: 1246.3 | L55: 62.4 | M55: 62.6 | N55: 62.7 | O55: 62.5 | P55: 62.55 | Q55: 13.9 | R55: 3.42 | S55: =I55/(K55-J55) -> 2.4724707 | T55: =0.9971*S55 -> 2.4653005 | U55: =100*(1-T55/E55) -> 3.961803 | V55: =100-T55*(100-H55)/F55 -> 10.395927 | W55: =100*(V55-U55)/V55 -> 61.890814 | X55: =AVERAGE(S55:S59) -> 2.4535583 | Y55: =AVERAGE(T55:T59) -> 2.4464429 | Z55: =AVERAGE(U55:U59) -> 4.6964183 | AA55: =AVERAGE(V55:V59) -> 11.081326 | AB55: =AVERAGE(W55:W59) -> 57.689857 | AC55: 161 | AD55: 91 | AE55: 44 | AF55: 15
A56: C | C56: 90#-1 | D56: 试件2 | E56: 2.567 | F56: 2.6404284 | G56: =100*H56/(100-H56) -> 4.2 | H56: 4.0307102 | I56: 1243.6 | J56: 737.9 | K56: 1246.7 | L56: 64.3 | M56: 64.4 | N56: 64.1 | O56: 64.1 | P56: 64.225 | Q56: 15.93 | R56: 2.81 | S56: =I56/(K56-J56) -> 2.4441824 | T56: =0.9971*S56 -> 2.4370943 | U56: =100*(1-T56/E56) -> 5.0606053 | V56: =100-T56*(100-H56)/F56 -> 11.421114 | W56: =100*(V56-U56)/V56 -> 55.690791 | AC56: 161 | AD56: 91 | AE56: 44 | AF56: 15
A57: C | C57: 90#-1 | D57: 试件3 | E57: 2.567 | F57: 2.6404284 | G57: =100*H57/(100-H57) -> 4.2 | H57: 4.0307102 | I57: 1240 | J57: 736.9 | K57: 1243.3 | L57: 63.8 | M57: 64 | N57: 64 | O57: 63.8 | P57: 63.9 | Q57: 15.17 | R57: 3.44 | S57: =I57/(K57-J57) -> 2.4486572 | T57: =0.9971*S57 -> 2.4415561 | U57: =100*(1-T57/E57) -> 4.8867907 | V57: =100-T57*(100-H57)/F57 -> 11.258944 | W57: =100*(V57-U57)/V57 -> 56.596369 | AC57: 161 | AD57: 91 | AE57: 44 | AF57: 15
A58: C | C58: 90#-1 | D58: 试件4 | E58: 2.567 | F58: 2.6404284 | G58: =100*H58/(100-H58) -> 4.2 | H58: 4.0307102 | I58: 1232.9 | J58: 733.5 | K58: 1237 | L58: 63.9 | M58: 64 | N58: 64.2 | O58: 63.9 | P58: 64 | Q58: 15.81 | R58: 2.23 | S58: =I58/(K58-J58) -> 2.4486594 | T58: =0.9971*S58 -> 2.4415583 | U58: =100*(1-T58/E58) -> 4.8867054 | V58: =100-T58*(100-H58)/F58 -> 11.258865 | W58: =100*(V58-U58)/V58 -> 56.596819 | AC58: 161 | AD58: 91 | AE58: 44 | AF58: 15
A59: C | C59: 90#-1 | D59: 试件5 | E59: 2.567 | F59: 2.6404284 | G59: =100*H59/(100-H59) -> 4.2 | H59: 4.0307102 | I59: 1232.8 | J59: 733.6 | K59: 1236 | L59: 64.3 | M59: 64.27 | N59: 64.22 | O59: 64.16 | P59: =AVERAGE(L59:O59) -> 64.2375 | Q59: 14.83 | R59: 2.43 | S59: =I59/(K59-J59) -> 2.4538217 | T59: =0.9971*S59 -> 2.4467056 | U59: =100*(1-T59/E59) -> 4.6861873 | V59: =100-T59*(100-H59)/F59 -> 11.07178 | W59: =100*(V59-U59)/V59 -> 57.674493 | AC59: 161 | AD59: 91 | AE59: 44 | AF59: 15
A60: C | C60: 90#-2 | D60: 试件1 | E60: 2.567 | F60: 2.6404284 | G60: =100*H60/(100-H60) -> 4.2 | H60: 4.0307102 | I60: 1202.4 | J60: 720.4 | K60: 1204 | L60: 62.4 | M60: 62.6 | N60: 62.7 | O60: 62.5 | P60: =AVERAGE(L60:O60) -> 62.55 | Q60: 13.9 | R60: 3.42 | S60: =I60/(K60-J60) -> 2.4863524 | T60: =0.9971*S60 -> 2.4791419 | U60: =100*(1-T60/E60) -> 3.422597 | V60: =100-T60*(100-H60)/F60 -> 9.892845 | W60: =100*(V60-U60)/V60 -> 65.403309 | X60: =AVERAGE(S60:S64) -> 2.4775785 | Y60: =AVERAGE(T60:T64) -> 2.4703935 | Z60: =AVERAGE(U60:U64) -> 3.7634014 | AA60: =AVERAGE(V60:V64) -> 10.210817 | AB60: =AVERAGE(W60:W64) -> 63.180724 | AC60: 161 | AD60: 91 | AE60: 44 | AF60: 15
A61: C | C61: 90#-2 | D61: 试件2 | E61: 2.567 | F61: 2.6404284 | G61: =100*H61/(100-H61) -> 4.2 | H61: 4.0307102 | I61: 1243.3 | J61: 744.3 | K61: 1245 | L61: 64.3 | M61: 64.4 | N61: 64.1 | O61: 64.1 | P61: =AVERAGE(L61:O61) -> 64.225 | Q61: 15.93 | R61: 2.81 | S61: =I61/(K61-J61) -> 2.4831236 | T61: =0.9971*S61 -> 2.4759226 | U61: =100*(1-T61/E61) -> 3.5480106 | V61: =100-T61*(100-H61)/F61 -> 10.009856 | W61: =100*(V61-U61)/V61 -> 64.554831 | AC61: 161 | AD61: 91 | AE61: 44 | AF61: 15
A62: C | C62: 90#-2 | D62: 试件3 | E62: 2.567 | F62: 2.6404284 | G62: =100*H62/(100-H62) -> 4.2 | H62: 4.0307102 | I62: 1246.6 | J62: 743.4 | K62: 1248.5 | L62: 63.8 | M62: 64 | N62: 64 | O62: 63.8 | P62: =AVERAGE(L62:O62) -> 63.9 | Q62: 15.17 | R62: 3.44 | S62: =I62/(K62-J62) -> 2.4680261 | T62: =0.9971*S62 -> 2.4608689 | U62: =100*(1-T62/E62) -> 4.1344426 | V62: =100-T62*(100-H62)/F62 -> 10.557 | W62: =100*(V62-U62)/V62 -> 60.836956 | AC62: 161 | AD62: 91 | AE62: 44 | AF62: 15
A63: C | C63: 90#-2 | D63: 试件4 | E63: 2.567 | F63: 2.6404284 | G63: =100*H63/(100-H63) -> 4.2 | H63: 4.0307102 | I63: 1248.4 | J63: 745.3 | K63: 1249.9 | L63: 63.9 | M63: 64 | N63: 64.2 | O63: 63.9 | P63: =AVERAGE(L63:O63) -> 64 | Q63: 15.81 | R63: 2.23 | S63: =I63/(K63-J63) -> 2.4740388 | T63: =0.9971*S63 -> 2.4668641 | U63: =100*(1-T63/E63) -> 3.9008909 | V63: =100-T63*(100-H63)/F63 -> 10.339095 | W63: =100*(V63-U63)/V63 -> 62.270481 | AC63: 161 | AD63: 91 | AE63: 44 | AF63: 15
A64: C | C64: 90#-2 | D64: 试件5 | E64: 2.567 | F64: 2.6404284 | G64: =100*H64/(100-H64) -> 4.2 | H64: 4.0307102 | I64: 1246.1 | J64: 744.5 | K64: 1247.7 | L64: 64.2 | M64: 64.6 | N64: 64.47 | O64: 64.34 | P64: 64.4025 | Q64: 15.14 | R64: 2.29 | S64: =I64/(K64-J64) -> 2.4763514 | T64: =0.9971*S64 -> 2.4691699 | U64: =100*(1-T64/E64) -> 3.8110661 | V64: =100-T64*(100-H64)/F64 -> 10.255288 | W64: =100*(V64-U64)/V64 -> 62.838041 | AC64: 161 | AD64: 91 | AE64: 44 | AF64: 15
A65: D | B65: AC-20 | C65: 90#-1 | D65: 试件1 | E65: 2.567 | F65: 2.6999315 | G65: =100*H65/(100-H65) -> 4.4 | H65: 4.2145594 | I65: 1243.3 | J65: 747.9 | K65: 1244.6 | L65: 62.4 | M65: 62.6 | N65: 62.7 | O65: 62.5 | P65: 62.55 | Q65: 13.9 | R65: 3.42 | S65: =I65/(K65-J65) -> 2.5031206 | T65: =0.9971*S65 -> 2.4958615 | U65: =100*(1-T65/E65) -> 2.7712682 | V65: =100-T65*(100-H65)/F65 -> 11.454346 | W65: =100*(V65-U65)/V65 -> 75.805969 | X65: =AVERAGE(S65:S69) -> 2.4953774 | Y65: =AVERAGE(T65:T69) -> 2.4881408 | Z65: =AVERAGE(U65:U69) -> 3.0720361 | AA65: =AVERAGE(V65:V69) -> 11.728254 | AB65: =AVERAGE(W65:W69) -> 73.82532 | AC65: 161 | AD65: 91 | AE65: 44 | AF65: 15
A66: D | C66: 90#-1 | D66: 试件2 | E66: 2.567 | F66: 2.6999315 | G66: =100*H66/(100-H66) -> 4.4 | H66: 4.2145594 | I66: 1266 | J66: 759.2 | K66: 1267.1 | L66: 64.3 | M66: 64.4 | N66: 64.1 | O66: 64.1 | P66: 64.225 | Q66: 15.93 | R66: 2.81 | S66: =I66/(K66-J66) -> 2.4926167 | T66: =0.9971*S66 -> 2.4853881 | U66: =100*(1-T66/E66) -> 3.1792727 | V66: =100-T66*(100-H66)/F66 -> 11.825914 | W66: =100*(V66-U66)/V66 -> 73.11605 | AC66: 161 | AD66: 91 | AE66: 44 | AF66: 15
A67: D | C67: 90#-1 | D67: 试件3 | E67: 2.567 | F67: 2.6999315 | G67: =100*H67/(100-H67) -> 4.4 | H67: 4.2145594 | I67: 1259.7 | J67: 755.5 | K67: 1261.5 | L67: 63.8 | M67: 64 | N67: 64 | O67: 63.8 | P67: 63.9 | Q67: 15.17 | R67: 3.44 | S67: =I67/(K67-J67) -> 2.4895257 | T67: =0.9971*S67 -> 2.4823061 | U67: =100*(1-T67/E67) -> 3.2993351 | V67: =100-T67*(100-H67)/F67 -> 11.935254 | W67: =100*(V67-U67)/V67 -> 72.356389 | AC67: 161 | AD67: 91 | AE67: 44 | AF67: 15
A68: D | C68: 90#-1 | D68: 试件4 | E68: 2.567 | F68: 2.6999315 | G68: =100*H68/(100-H68) -> 4.4 | H68: 4.2145594 | I68: 1259 | J68: 756.6 | K68: 1260.4 | L68: 63.9 | M68: 64 | N68: 64.2 | O68: 63.9 | P68: 64 | Q68: 15.81 | R68: 2.23 | S68: =I68/(K68-J68) -> 2.4990075 | T68: =0.9971*S68 -> 2.4917604 | U68: =100*(1-T68/E68) -> 2.9310315 | V68: =100-T68*(100-H68)/F68 -> 11.599842 | W68: =100*(V68-U68)/V68 -> 74.732143 | AC68: 161 | AD68: 91 | AE68: 44 | AF68: 15
A69: D | C69: 90#-1 | D69: 试件5 | E69: 2.567 | F69: 2.6999315 | G69: =100*H69/(100-H69) -> 4.4 | H69: 4.2145594 | I69: 1266 | J69: 759.2 | K69: 1267.1 | L69: 64.3 | M69: 64.4 | N69: 64.1 | O69: 64.1 | P69: 64.225 | Q69: 15.93 | R69: 2.81 | S69: =I69/(K69-J69) -> 2.4926167 | T69: =0.9971*S69 -> 2.4853881 | U69: =100*(1-T69/E69) -> 3.1792727 | V69: =100-T69*(100-H69)/F69 -> 11.825914 | W69: =100*(V69-U69)/V69 -> 73.11605 | AC69: 161 | AD69: 91 | AE69: 44 | AF69: 15
A70: D | C70: 90#-2 | D70: 试件1 | E70: 2.567 | F70: 2.6999315 | G70: =100*H70/(100-H70) -> 4.4 | H70: 4.2145594 | I70: 1226.7 | J70: 731.5 | K70: 1229 | L70: 63.1 | M70: 63.2 | N70: 63.1 | O70: 62.9 | P70: 63.075 | Q70: 14.26 | R70: 3.37 | S70: =I70/(K70-J70) -> 2.4657286 | T70: =0.9971*S70 -> 2.458578 | U70: =100*(1-T70/E70) -> 4.2236841 | V70: =100-T70*(100-H70)/F70 -> 12.777053 | W70: =100*(V70-U70)/V70 -> 66.943207 | X70: =AVERAGE(S70:S74) -> 2.4498727 | Y70: =AVERAGE(T70:T74) -> 2.4427681 | Z70: =AVERAGE(U70:U74) -> 4.8395769 | AA70: =AVERAGE(V70:V74) -> 13.337943 | AB70: =AVERAGE(W70:W74) -> 63.770728 | AC70: 161 | AD70: 91 | AE70: 44 | AF70: 15
A71: D | C71: 90#-2 | D71: 试件2 | E71: 2.567 | F71: 2.6999315 | G71: =100*H71/(100-H71) -> 4.4 | H71: 4.2145594 | I71: 1263.7 | J71: 750.8 | K71: 1267 | L71: 66.5 | M71: 66.4 | N71: 65.8 | O71: 66.4 | P71: 66.275 | Q71: 16.39 | R71: 3.41 | S71: =I71/(K71-J71) -> 2.4480821 | T71: =0.9971*S71 -> 2.4409827 | U71: =100*(1-T71/E71) -> 4.9091274 | V71: =100-T71*(100-H71)/F71 -> 13.401283 | W71: =100*(V71-U71)/V71 -> 63.368228 | AC71: 161 | AD71: 91 | AE71: 44 | AF71: 15
A72: D | C72: 90#-2 | D72: 试件3 | E72: 2.567 | F72: 2.6999315 | G72: =100*H72/(100-H72) -> 4.4 | H72: 4.2145594 | I72: 1254 | J72: 744.8 | K72: 1255.9 | L72: 64.7 | M72: 64.8 | N72: 64.5 | O72: 64.6 | P72: 64.65 | Q72: 16.74 | R72: 2.71 | S72: =I72/(K72-J72) -> 2.4535316 | T72: =0.9971*S72 -> 2.4464164 | U72: =100*(1-T72/E72) -> 4.697454 | V72: =100-T72*(100-H72)/F72 -> 13.208513 | W72: =100*(V72-U72)/V72 -> 64.436163 | AC72: 161 | AD72: 91 | AE72: 44 | AF72: 15
A73: D | C73: 90#-2 | D73: 试件4 | E73: 2.567 | F73: 2.6999315 | G73: =100*H73/(100-H73) -> 4.4 | H73: 4.2145594 | I73: 1247.9 | J73: 741.1 | K73: 1250.8 | L73: 65.3 | M73: 64.8 | N73: 65.2 | O73: 64.8 | P73: 65.025 | Q73: 15.21 | R73: 3.39 | S73: =I73/(K73-J73) -> 2.4483029 | T73: =0.9971*S73 -> 2.4412028 | U73: =100*(1-T73/E73) -> 4.9005514 | V73: =100-T73*(100-H73)/F73 -> 13.393473 | W73: =100*(V73-U73)/V73 -> 63.410897 | AC73: 161 | AD73: 91 | AE73: 44 | AF73: 15
A74: D | C74: 90#-2 | D74: 试件5 | E74: 2.567 | F74: 2.6999315 | G74: =100*H74/(100-H74) -> 4.4 | H74: 4.2145594 | I74: 1222.7 | J74: 724.2 | K74: 1226.6 | L74: 64.6 | M74: 64.5 | N74: 64.7 | O74: 64.2 | P74: 64.5 | Q74: 14.89 | R74: 3.42 | S74: =I74/(K74-J74) -> 2.4337182 | T74: =0.9971*S74 -> 2.4266604 | U74: =100*(1-T74/E74) -> 5.4670678 | V74: =100-T74*(100-H74)/F74 -> 13.909396 | W74: =100*(V74-U74)/V74 -> 60.695146 | AC74: 161 | AD74: 91 | AE74: 44 | AF74: 15
A75: D | C75: 90# | D75: 试件1 | E75: 2.567 | F75: 2.6999315 | G75: =100*H75/(100-H75) -> 4.4 | H75: 4.2145594 | I75: 1220.4 | J75: 724.6 | K75: 1221.3 | L75: 63.1 | M75: 63.2 | N75: 63.1 | O75: 62.9 | P75: 63.075 | Q75: 15.25 | R75: 2.68 | S75: =I75/(K75-J75) -> 2.4570163 | T75: =0.9971*S75 -> 2.449891 | U75: =100*(1-T75/E75) -> 4.5620974 | V75: =100-T75*(100-H75)/F75 -> 13.085244 | W75: =100*(V75-U75)/V75 -> 65.135559 | X75: =AVERAGE(S75:S79) -> 2.4570651 | Y75: =AVERAGE(T75:T79) -> 2.4499396 | Z75: =AVERAGE(U75:U79) -> 4.5602008 | AA75: =AVERAGE(V75:V79) -> 13.083517 | AB75: =AVERAGE(W75:W79) -> 65.146302 | AC75: 161 | AD75: 91 | AE75: 44 | AF75: 15
A76: D | C76: 90# | D76: 试件2 | E76: 2.567 | F76: 2.6999315 | G76: =100*H76/(100-H76) -> 4.4 | H76: 4.2145594 | I76: 1223.6 | J76: 728.5 | K76: 1226.2 | L76: 66.5 | M76: 66.4 | N76: 65.8 | O76: 66.4 | P76: 66.275 | Q76: 15.06 | R76: 5.53 | S76: =I76/(K76-J76) -> 2.4585091 | T76: =0.9971*S76 -> 2.4513795 | U76: =100*(1-T76/E76) -> 4.5041112 | V76: =100-T76*(100-H76)/F76 -> 13.032437 | W76: =100*(V76-U76)/V76 -> 65.439224 | AC76: 161 | AD76: 91 | AE76: 44 | AF76: 15
A77: D | C77: 90# | D77: 试件3 | E77: 2.567 | F77: 2.6999315 | G77: =100*H77/(100-H77) -> 4.4 | H77: 4.2145594 | I77: 1234.4 | J77: 733.1 | K77: 1235.7 | L77: 64.7 | M77: 64.8 | N77: 64.5 | O77: 64.6 | P77: 64.65 | Q77: 15.36 | R77: 2.96 | S77: =I77/(K77-J77) -> 2.4560287 | T77: =0.9971*S77 -> 2.4489062 | U77: =100*(1-T77/E77) -> 4.6004609 | V77: =100-T77*(100-H77)/F77 -> 13.120182 | W77: =100*(V77-U77)/V77 -> 64.935997 | AC77: 161 | AD77: 91 | AE77: 44 | AF77: 15
A78: D | C78: 90# | D78: 试件4 | E78: 2.567 | F78: 2.6999315 | G78: =100*H78/(100-H78) -> 4.4 | H78: 4.2145594 | I78: 1237.8 | J78: 736.3 | K78: 1239.8 | L78: 65.3 | M78: 64.8 | N78: 65.2 | O78: 64.8 | P78: 65.025 | Q78: 14.79 | R78: 3.07 | S78: =I78/(K78-J78) -> 2.4583913 | T78: =0.9971*S78 -> 2.4512619 | U78: =100*(1-T78/E78) -> 4.50869 | V78: =100-T78*(100-H78)/F78 -> 13.036607 | W78: =100*(V78-U78)/V78 -> 65.415156 | AC78: 161 | AD78: 91 | AE78: 44 | AF78: 15
A79: D | C79: 90# | D79: 试件5 | E79: 2.567 | F79: 2.6999315 | G79: =100*H79/(100-H79) -> 4.4 | H79: 4.2145594 | I79: 1229.9 | J79: 731.2 | K79: 1232.1 | L79: 64.6 | M79: 64.5 | N79: 64.7 | O79: 64.2 | P79: 64.5 | Q79: 16.5 | R79: 5.21 | S79: =I79/(K79-J79) -> 2.4553803 | T79: =0.9971*S79 -> 2.4482597 | U79: =100*(1-T79/E79) -> 4.6256442 | V79: =100-T79*(100-H79)/F79 -> 13.143116 | W79: =100*(V79-U79)/V79 -> 64.805574 | AC79: 161 | AD79: 91 | AE79: 44 | AF79: 15
A80: D | C80: 90#对比 | D80: 试件1 | E80: 2.567 | F80: 2.6999315 | G80: =100*H80/(100-H80) -> 4.4 | H80: 4.2145594 | I80: 1236.6 | J80: 733.8 | K80: 1237.5 | L80: 63.1 | M80: 63.2 | N80: 63.1 | O80: 62.9 | P80: 63.075 | Q80: 15.45 | R80: 4.29 | S80: =I80/(K80-J80) -> 2.4550328 | T80: =0.9971*S80 -> 2.4479132 | U80: =100*(1-T80/E80) -> 4.6391444 | V80: =100-T80*(100-H80)/F80 -> 13.155411 | W80: =100*(V80-U80)/V80 -> 64.735845 | X80: =AVERAGE(S80:S84) -> 2.4595969 | Y80: =AVERAGE(T80:T84) -> 2.452464 | Z80: =AVERAGE(U80:U84) -> 4.4618605 | AA80: =AVERAGE(V80:V84) -> 12.993959 | AB80: =AVERAGE(W80:W84) -> 65.673958 | AC80: 161 | AD80: 91 | AE80: 44 | AF80: 15
A81: D | C81: 90#对比 | D81: 试件2 | E81: 2.567 | F81: 2.6999315 | G81: =100*H81/(100-H81) -> 4.4 | H81: 4.2145594 | I81: 1239.7 | J81: 738.4 | K81: 1240.9 | L81: 66.5 | M81: 66.4 | N81: 65.8 | O81: 66.4 | P81: 66.275 | Q81: 16.86 | R81: 3.6 | S81: =I81/(K81-J81) -> 2.4670647 | T81: =0.9971*S81 -> 2.4599102 | U81: =100*(1-T81/E81) -> 4.1717885 | V81: =100-T81*(100-H81)/F81 -> 12.729792 | W81: =100*(V81-U81)/V81 -> 67.22815 | AC81: 161 | AD81: 91 | AE81: 44 | AF81: 15
A82: D | C82: 90#对比 | D82: 试件3 | E82: 2.567 | F82: 2.6999315 | G82: =100*H82/(100-H82) -> 4.4 | H82: 4.2145594 | I82: 1244.6 | J82: 740.6 | K82: 1246 | L82: 64.7 | M82: 64.8 | N82: 64.5 | O82: 64.6 | P82: 64.65 | Q82: 18.5 | R82: 4.59 | S82: =I82/(K82-J82) -> 2.4626039 | T82: =0.9971*S82 -> 2.4554623 | U82: =100*(1-T82/E82) -> 4.3450593 | V82: =100-T82*(100-H82)/F82 -> 12.887589 | W82: =100*(V82-U82)/V82 -> 66.284933 | AC82: 161 | AD82: 91 | AE82: 44 | AF82: 15
A83: D | C83: 90#对比 | D83: 试件4 | E83: 2.567 | F83: 2.6999315 | G83: =100*H83/(100-H83) -> 4.4 | H83: 4.2145594 | I83: 1252.3 | J83: 744.3 | K83: 1254.3 | L83: 65.3 | M83: 64.8 | N83: 65.2 | O83: 64.8 | P83: 65.025 | Q83: 17.27 | R83: 2.87 | S83: =I83/(K83-J83) -> 2.4554902 | T83: =0.9971*S83 -> 2.4483693 | U83: =100*(1-T83/E83) -> 4.6213761 | V83: =100-T83*(100-H83)/F83 -> 13.139229 | W83: =100*(V83-U83)/V83 -> 64.827647 | AC83: 161 | AD83: 91 | AE83: 44 | AF83: 15
A84: D | C84: 90#对比 | D84: 试件5 | E84: 2.567 | F84: 2.6999315 | G84: =100*H84/(100-H84) -> 4.4 | H84: 4.2145594 | I84: 1231.6 | J84: 732.3 | K84: 1233.4 | L84: 64.6 | M84: 64.5 | N84: 64.7 | O84: 64.2 | P84: 64.5 | Q84: 14.89 | R84: 3.69 | S84: =I84/(K84-J84) -> 2.4577929 | T84: =0.9971*S84 -> 2.4506653 | U84: =100*(1-T84/E84) -> 4.5319339 | V84: =100-T84*(100-H84)/F84 -> 13.057775 | W84: =100*(V84-U84)/V84 -> 65.293214 | AC84: 161 | AD84: 91 | AE84: 44 | AF84: 15
A85: D | C85: 90#-3 | D85: 试件1 | E85: 2.567 | F85: 2.6999315 | G85: =100*H85/(100-H85) -> 4.4 | H85: 4.2145594 | I85: 1239.7 | J85: 737.8 | K85: 1236.6 | L85: 744.8 | M85: 1237.5 | N85: 63.1 | O85: 62.9 | P85: 63.075 | Q85: 16.75 | R85: 4.24 | S85: =I85/(K85-J85) -> 2.4853649 | T85: =0.9971*S85 -> 2.4781573 | U85: =100*(1-T85/E85) -> 3.4609537 | V85: =100-T85*(100-H85)/F85 -> 12.082439 | W85: =100*(V85-U85)/V85 -> 71.355504 | X85: =AVERAGE(S85:S89) -> 2.4465788 | Y85: =AVERAGE(T85:T89) -> 2.4394837 | Z85: =AVERAGE(U85:U89) -> 4.9675223 | AA85: =AVERAGE(V85:V89) -> 13.454463 | AB85: =AVERAGE(W85:W89) -> 63.54749 | AC85: 161 | AD85: 91 | AE85: 44 | AF85: 15
A86: D | C86: 90#-3 | D86: 试件2 | E86: 2.567 | F86: 2.6999315 | G86: =100*H86/(100-H86) -> 4.4 | H86: 4.2145594 | I86: 1234.2 | J86: 733.7 | K86: 1239.7 | L86: 748.4 | M86: 1240.9 | N86: 65.8 | O86: 66.4 | P86: 66.275 | Q86: 16.8 | R86: 5.58 | S86: =I86/(K86-J86) -> 2.4391304 | T86: =0.9971*S86 -> 2.432057 | U86: =100*(1-T86/E86) -> 5.2568385 | V86: =100-T86*(100-H86)/F86 -> 13.717941 | W86: =100*(V86-U86)/V86 -> 61.6791 | AC86: 161 | AD86: 91 | AE86: 44 | AF86: 15
A87: D | C87: 90#-3 | D87: 试件3 | E87: 2.567 | F87: 2.6999315 | G87: =100*H87/(100-H87) -> 4.4 | H87: 4.2145594 | I87: 1237.7 | J87: 736.3 | K87: 1244.6 | L87: 750.6 | M87: 1246 | N87: 64.5 | O87: 64.6 | P87: 64.65 | Q87: 17.66 | R87: 3.22 | S87: =I87/(K87-J87) -> 2.4349793 | T87: =0.9971*S87 -> 2.4279179 | U87: =100*(1-T87/E87) -> 5.4180794 | V87: =100-T87*(100-H87)/F87 -> 13.864782 | W87: =100*(V87-U87)/V87 -> 60.922002 | AC87: 161 | AD87: 91 | AE87: 44 | AF87: 15
A88: D | C88: 90#-3 | D88: 试件4 | E88: 2.567 | F88: 2.6999315 | G88: =100*H88/(100-H88) -> 4.4 | H88: 4.2145594 | I88: 1236.9 | J88: 736.8 | K88: 1252.3 | L88: 754.3 | M88: 1254.3 | N88: 65.2 | O88: 64.8 | P88: 65.025 | Q88: 16.01 | R88: 5.37 | S88: =I88/(K88-J88) -> 2.399418 | T88: =0.9971*S88 -> 2.3924597 | U88: =100*(1-T88/E88) -> 6.7993873 | V88: =100-T88*(100-H88)/F88 -> 15.122732 | W88: =100*(V88-U88)/V88 -> 55.03863 | AC88: 161 | AD88: 91 | AE88: 44 | AF88: 15
A89: D | C89: 90#-3 | D89: 试件5 | E89: 2.567 | F89: 2.6999315 | G89: =100*H89/(100-H89) -> 4.4 | H89: 4.2145594 | I89: 1232.3 | J89: 733.5 | K89: 1231.6 | L89: 740.3 | M89: 1233.4 | N89: 64.7 | O89: 64.2 | P89: 64.5 | Q89: 16.98 | R89: 4.59 | S89: =I89/(K89-J89) -> 2.4740012 | T89: =0.9971*S89 -> 2.4668266 | U89: =100*(1-T89/E89) -> 3.9023529 | V89: =100-T89*(100-H89)/F89 -> 12.484419 | W89: =100*(V89-U89)/V89 -> 68.742214 | AC89: 161 | AD89: 91 | AE89: 44 | AF89: 15
A90: D | C90: 70# | D90: 试件1 | E90: 2.567 | F90: 2.6999315 | G90: =100*H90/(100-H90) -> 4.4 | H90: 4.2145594 | I90: 1226.6 | J90: 728.6 | K90: 1228.6 | L90: 63.74 | M90: 63.75 | N90: 64 | O90: 63.9 | P90: 63.8475 | Q90: 15.45 | R90: 4.29 | S90: =I90/(K90-J90) -> 2.4532 | T90: =0.9971*S90 -> 2.4460857 | U90: =100*(1-T90/E90) -> 4.7103342 | V90: =100-T90*(100-H90)/F90 -> 13.220243 | W90: =100*(V90-U90)/V90 -> 64.37029 | X90: =AVERAGE(S90:S94) -> 2.452351 | Y90: =AVERAGE(T90:T94) -> 2.4452391 | Z90: =AVERAGE(U90:U94) -> 4.7433137 | AA90: =AVERAGE(V90:V94) -> 13.250277 | AB90: =AVERAGE(W90:W94) -> 64.208623 | AC90: 258 | AD90: 72.2 | AE90: 47.6 | AF90: 8.2
A91: D | C91: 70# | D91: 试件2 | E91: 2.567 | F91: 2.6999315 | G91: =100*H91/(100-H91) -> 4.4 | H91: 4.2145594 | I91: 1224.2 | J91: 726.2 | K91: 1226.1 | L91: 63.58 | M91: 63.75 | N91: 63.76 | O91: 63.77 | P91: 63.715 | Q91: 16.86 | R91: 3.6 | S91: =I91/(K91-J91) -> 2.4488898 | T91: =0.9971*S91 -> 2.441788 | U91: =100*(1-T91/E91) -> 4.8777562 | V91: =100-T91*(100-H91)/F91 -> 13.372713 | W91: =100*(V91-U91)/V91 -> 63.524558 | AC91: 258 | AD91: 72.2 | AE91: 47.6 | AF91: 8.2
A92: D | C92: 70# | D92: 试件3 | E92: 2.567 | F92: 2.6999315 | G92: =100*H92/(100-H92) -> 4.4 | H92: 4.2145594 | I92: 1229 | J92: 729 | K92: 1230.9 | L92: 64.12 | M92: 64.42 | N92: 64.24 | O92: 64.24 | P92: 64.255 | Q92: 18.5 | R92: 4.59 | S92: =I92/(K92-J92) -> 2.448695 | T92: =0.9971*S92 -> 2.4415937 | U92: =100*(1-T92/E92) -> 4.8853236 | V92: =100-T92*(100-H92)/F92 -> 13.379605 | W92: =100*(V92-U92)/V92 -> 63.486787 | AC92: 258 | AD92: 72.2 | AE92: 47.6 | AF92: 8.2
A93: D | C93: 70# | D93: 试件4 | E93: 2.567 | F93: 2.6999315 | G93: =100*H93/(100-H93) -> 4.4 | H93: 4.2145594 | I93: 1224.7 | J93: 728.4 | K93: 1226.6 | L93: 64.38 | M93: 64.46 | N93: 64.61 | O93: 64.42 | P93: 64.4675 | Q93: 17.27 | R93: 2.87 | S93: =I93/(K93-J93) -> 2.4582497 | T93: =0.9971*S93 -> 2.4511208 | U93: =100*(1-T93/E93) -> 4.5141887 | V93: =100-T93*(100-H93)/F93 -> 13.041614 | W93: =100*(V93-U93)/V93 -> 65.386273 | AC93: 258 | AD93: 72.2 | AE93: 47.6 | AF93: 8.2
A94: D | C94: 70# | D94: 试件5 | E94: 2.567 | F94: 2.6999315 | G94: =100*H94/(100-H94) -> 4.4 | H94: 4.2145594 | I94: 1221.7 | J94: 726.1 | K94: 1224.2 | L94: 64.01 | M94: 63.94 | N94: 64.21 | O94: 64.33 | P94: 64.1225 | Q94: 14.89 | R94: 3.69 | S94: =I94/(K94-J94) -> 2.4527203 | T94: =0.9971*S94 -> 2.4456074 | U94: =100*(1-T94/E94) -> 4.7289658 | V94: =100-T94*(100-H94)/F94 -> 13.237211 | W94: =100*(V94-U94)/V94 -> 64.275209 | AC94: 258 | AD94: 72.2 | AE94: 47.6 | AF94: 8.2
A95: E | B95: AC-20 | C95: 90#方案一-1 | D95: 试件1 | E95: 2.544 | F95: 2.6500567 | G95: =100*H95/(100-H95) -> 4.5041279 | H95: 4.31 | I95: 1231.3 | J95: 729.2 | K95: 1232.1 | L95: 63.42 | M95: 63.34 | N95: 63.35 | O95: 63.44 | P95: 63.3875 | Q95: 11.6 | R95: 1.9 | S95: =I95/(K95-J95) -> 2.4483993 | T95: =0.9971*S95 -> 2.4412989 | U95: =100*(1-T95/E95) -> 4.0369919 | V95: =100-T95*(100-H95)/F95 -> 11.847965 | W95: =100*(V95-U95)/V95 -> 65.926707 | X95: =AVERAGE(S95:S99) -> 2.4357852 | Y95: =AVERAGE(T95:T99) -> 2.4287214 | Z95: =AVERAGE(U95:U99) -> 4.5313913 | AA95: =AVERAGE(V95:V99) -> 12.302123 | AB95: =AVERAGE(W95:W99) -> 63.264013 | AC95: 161 | AD95: 91 | AE95: 44 | AF95: 15
A96: E | C96: 90#方案一-1 | D96: 试件2 | E96: 2.544 | F96: 2.6500567 | G96: =100*H96/(100-H96) -> 4.5041279 | H96: 4.31 | I96: 1229.8 | J96: 729.9 | K96: 1231.7 | L96: 63.78 | M96: 64.16 | N96: 63.99 | O96: 63.77 | P96: 63.925 | Q96: 12.79 | R96: 2.62 | S96: =I96/(K96-J96) -> 2.4507772 | T96: =0.9971*S96 -> 2.4436699 | U96: =100*(1-T96/E96) -> 3.9437913 | V96: =100-T96*(100-H96)/F96 -> 11.762351 | W96: =100*(V96-U96)/V96 -> 66.471062 | AC96: 161 | AD96: 91 | AE96: 44 | AF96: 15
A97: E | C97: 90#方案一-1 | D97: 试件3 | E97: 2.544 | F97: 2.6500567 | G97: =100*H97/(100-H97) -> 4.5041279 | H97: 4.31 | I97: 1228.8 | J97: 725.1 | K97: 1229.7 | L97: 64.41 | M97: 64.24 | N97: 64.25 | O97: 64.34 | P97: 64.31 | Q97: 11.56 | R97: 2.05 | S97: =I97/(K97-J97) -> 2.4351962 | T97: =0.9971*S97 -> 2.4281341 | U97: =100*(1-T97/E97) -> 4.5544762 | V97: =100-T97*(100-H97)/F97 -> 12.323329 | W97: =100*(V97-U97)/V97 -> 63.041834 | AC97: 161 | AD97: 91 | AE97: 44 | AF97: 15
A98: E | C98: 90#方案一-1 | D98: 试件4 | E98: 2.544 | F98: 2.6500567 | G98: =100*H98/(100-H98) -> 4.5041279 | H98: 4.31 | I98: 1228.2 | J98: 724 | K98: 1230 | L98: 64.63 | M98: 64.84 | N98: 64.8 | O98: 64.62 | P98: 64.7225 | Q98: 10.6 | R98: 1.96 | S98: =I98/(K98-J98) -> 2.4272727 | T98: =0.9971*S98 -> 2.4202336 | U98: =100*(1-T98/E98) -> 4.86503 | V98: =100-T98*(100-H98)/F98 -> 12.608605 | W98: =100*(V98-U98)/V98 -> 61.415001 | AC98: 161 | AD98: 91 | AE98: 44 | AF98: 15
A99: E | C99: 90#方案一-1 | D99: 试件5 | E99: 2.544 | F99: 2.6500567 | G99: =100*H99/(100-H99) -> 4.5041279 | H99: 4.31 | I99: 1214.2 | J99: 716.5 | K99: 1218.8 | L99: 64.8 | M99: 64.85 | N99: 65.12 | O99: 64.81 | P99: 64.895 | Q99: 10.72 | R99: 2.66 | S99: =I99/(K99-J99) -> 2.4172805 | T99: =0.9971*S99 -> 2.4102704 | U99: =100*(1-T99/E99) -> 5.2566668 | V99: =100-T99*(100-H99)/F99 -> 12.968364 | W99: =100*(V99-U99)/V99 -> 59.465459 | AC99: 161 | AD99: 91 | AE99: 44 | AF99: 15
A100: E | C100: 90#方案一-2 | D100: 试件1 | E100: 2.544 | F100: 2.6500567 | G100: =100*H100/(100-H100) -> 4.5041279 | H100: 4.31 | I100: 1202.4 | J100: 709.1 | K100: 1204.3 | L100: 63.34 | M100: 63.38 | N100: 63.32 | O100: 63.42 | P100: 63.365 | Q100: 9.75 | R100: 2.43 | S100: =I100/(K100-J100) -> 2.4281099 | T100: =0.9971*S100 -> 2.4210683 | U100: =100*(1-T100/E100) -> 4.8322195 | V100: =100-T100*(100-H100)/F100 -> 12.578465 | W100: =100*(V100-U100)/V100 -> 61.583392 | X100: =AVERAGE(S100:S104) -> 2.4267135 | Y100: =AVERAGE(T100:T104) -> 2.419676 | Z100: =AVERAGE(U100:U104) -> 4.8869497 | AA100: =AVERAGE(V100:V104) -> 12.62874 | AB100: =AVERAGE(W100:W104) -> 61.312363 | AC100: 161 | AD100: 91 | AE100: 44 | AF100: 15
...

Sheet 浸水马歇尔
A1: 试件来源 | B1: 级配类型 | C1: 试件类型 | D1: 试件名称 | E1: 油石比/% | F1: 沥青用量/% | G1: 实验数据 | Q1: 计算数据 | R1: 60℃动力粘度 | S1: 针入度 | T1: 软化点 | U1: 残留延度(10℃)
G2: 干重/g | H2: 水中重/g | I2: 表干重/g | J2: 高度1/mm | K2: 高度2/mm | L2: 高度3/mm | M2: 高度4/mm | N2: 均值/mm | O2: 稳定度/kN | P2: 流值/mm | Q2: 残留稳定度/%
A3: A | B3: 90# AC-20-1 | C3: 90#1（实验室自制） | D3: 试件1（浸） | E3: =100*F3/(100-F3) -> 4.5 | F3: 4.3062201 | G3: / | H3: / | I3: / | J3: 63.5 | K3: 63.6 | L3: 63.9 | M3: / | N3: =AVERAGE(J3:L3) -> 63.666667 | O3: 13.52 | P3: 4.24 | Q3: =100*AVERAGE(O3,O5,O7)/AVERAGEA(O4,O6) -> 79.296129 | R3: 161 | S3: 91 | T3: 44 | U3: 15
A4: A | C4: 90#1（实验室自制） | D4: 试件2 | E4: =100*F4/(100-F4) -> 4.5 | F4: 4.3062201 | G4: / | H4: / | I4: / | J4: 63.2 | K4: 63.2 | L4: 63 | M4: / | N4: =AVERAGE(J4:L4) -> 63.133333 | O4: 17.7 | P4: 6.21 | R4: 161 | S4: 91 | T4: 44 | U4: 15
A5: A | C5: 90#1（实验室自制） | D5: 试件3（浸） | E5: =100*F5/(100-F5) -> 4.5 | F5: 4.3062201 | G5: / | H5: / | I5: / | J5: 63.1 | K5: 63 | L5: 63.1 | M5: / | N5: =AVERAGE(J5:L5) -> 63.066667 | O5: 13.39 | P5: 3.3 | R5: 161 | S5: 91 | T5: 44 | U5: 15
A6: A | C6: 90#1（实验室自制） | D6: 试件4 | E6: =100*F6/(100-F6) -> 4.5 | F6: 4.3062201 | G6: / | H6: / | I6: / | J6: 63.3 | K6: 63.1 | L6: 63.3 | M6: / | N6: =AVERAGE(J6:L6) -> 63.233333 | O6: 15.45 | P6: 3.65 | R6: 161 | S6: 91 | T6: 44 | U6: 15
A7: A | B7: 90# AC-20-2 | C7: 90#2（90#对比） | D7: 试件1（浸） | E7: =100*F7/(100-F7) -> 4.5 | F7: 4.3062201 | G7: / | H7: / | I7: / | J7: 61.8 | K7: 61.8 | L7: 62.2 | M7: / | N7: =AVERAGE(J7:L7) -> 61.933333 | O7: 12.52 | P7: 4.1 | Q7: =100*AVERAGE(O7,O9,O8)/AVERAGEA(O11,O10) -> 86.436934 | R7: 161 | S7: 91 | T7: 44 | U7: 15
A8: A | C8: 90#2（90#对比） | D8: 试件2（浸） | E8: =100*F8/(100-F8) -> 4.5 | F8: 4.3062201 | G8: / | H8: / | I8: / | J8: 61 | K8: 61.6 | L8: 60.9 | M8: / | N8: =AVERAGE(J8:L8) -> 61.166667 | O8: 13 | P8: 5.74 | R8: 161 | S8: 91 | T8: 44 | U8: 15
A9: A | C9: 90#2（90#对比） | D9: 试件3（浸） | E9: =100*F9/(100-F9) -> 4.5 | F9: 4.3062201 | G9: / | H9: / | I9: / | J9: 63.4 | K9: 63.4 | L9: 63.2 | M9: / | N9: =AVERAGE(J9:L9) -> 63.333333 | O9: 13.61 | P9: 4.08 | R9: 161 | S9: 91 | T9: 44 | U9: 15
A10: A | C10: 90#2（90#对比） | D10: 试件4 | E10: =100*F10/(100-F10) -> 4.5 | F10: 4.3062201 | G10: / | H10: / | I10: / | J10: 61.4 | K10: 61.6 | L10: 61.5 | M10: / | N10: =AVERAGE(J10:L10) -> 61.5 | O10: 16.02 | P10: 5.02 | R10: 161 | S10: 91 | T10: 44 | U10: 15
A11: A | C11: 90#2（90#对比） | D11: 试件5 | E11: =100*F11/(100-F11) -> 4.5 | F11: 4.3062201 | G11: / | H11: / | I11: / | J11: 61.5 | K11: 62 | L11: 61.8 | M11: / | N11: =AVERAGE(J11:L11) -> 61.766667 | O11: 14.16 | P11: 5.4 | R11: 161 | S11: 91 | T11: 44 | U11: 15
A12: B | B12: AC-20 | C12: 方案一90# | D12: 试件1（浸） | E12: =100*F12/(100-F12) -> 4.2 | F12: 4.0307102 | G12: 1215.8 | H12: 718.3 | I12: 1219 | J12: 64.42 | K12: 64.43 | L12: 64.18 | M12: 64.38 | N12: 64.3525 | O12: 13.36 | P12: 2.26 | Q12: =100*AVERAGE(O12,O14,O16)/AVERAGEA(O13,O15) -> 92.473815 | R12: 161 | S12: 91 | T12: 44 | U12: 15
A13: B | C13: 方案一90# | D13: 试件2 | E13: =100*F13/(100-F13) -> 4.2 | F13: 4.0307102 | G13: 1215.4 | H13: 719.6 | I13: 1218.1 | J13: 63.37 | K13: 63.48 | L13: 63.31 | M13: 63.56 | N13: 63.43 | O13: 15.91 | P13: 2.53 | R13: 161 | S13: 91 | T13: 44 | U13: 15
A14: B | C14: 方案一90# | D14: 试件3（浸） | E14: =100*F14/(100-F14) -> 4.2 | F14: 4.0307102 | G14: 1214.4 | H14: 716.5 | I14: 1217.3 | J14: 63.92 | K14: 64.16 | L14: 64.09 | M14: 64.26 | N14: 64.1075 | O14: 14.77 | P14: 3.01 | R14: 161 | S14: 91 | T14: 44 | U14: 15
A15: B | C15: 方案一90# | D15: 试件4 | E15: =100*F15/(100-F15) -> 4.2 | F15: 4.0307102 | G15: 1215.1 | H15: 719.5 | I15: 1218.7 | J15: 64.44 | K15: 64.16 | L15: 64.39 | M15: 64.36 | N15: 64.3375 | O15: 14.96 | P15: 2.51 | R15: 161 | S15: 91 | T15: 44 | U15: 15
A16: B | C16: 方案一90# | D16: 试件5（浸） | E16: =100*F16/(100-F16) -> 4.2 | F16: 4.0307102 | G16: 1210.9 | H16: 714.5 | I16: 1213.1 | J16: 64.45 | K16: 64.2 | L16: 64.57 | M16: 64.52 | N16: 64.435 | O16: 14.69 | P16: 2.46 | R16: 161 | S16: 91 | T16: 44 | U16: 15
A17: B | C17: 方案二90# | D17: 试件1（浸） | E17: =100*F17/(100-F17) -> 4.2 | F17: 4.0307102 | G17: 1219.2 | H17: 725.4 | I17: 1222.2 | J17: 63.58 | K17: 63.41 | L17: 63.86 | M17: 63.3 | N17: 63.5375 | O17: 14.15 | P17: 3.04 | Q17: =100*AVERAGE(O17,O19,O21)/AVERAGEA(O18,O20) -> 94.282561 | R17: 161 | S17: 91 | T17: 44 | U17: 15
A18: B | C18: 方案二90# | D18: 试件2 | E18: =100*F18/(100-F18) -> 4.2 | F18: 4.0307102 | G18: 1217.2 | H18: 721.2 | I18: 1220.7 | J18: 63.64 | K18: 63.14 | L18: 63.85 | M18: 63.91 | N18: 63.635 | O18: 15.08 | P18: 2.35 | R18: 161 | S18: 91 | T18: 44 | U18: 15
A19: B | C19: 方案二90# | D19: 试件3（浸） | E19: =100*F19/(100-F19) -> 4.2 | F19: 4.0307102 | G19: 1216.8 | H19: 722.5 | I19: 1220.4 | J19: 63.32 | K19: 63.14 | L19: 63.62 | M19: 63.13 | N19: 63.3025 | O19: 14.37 | P19: 3.98 | R19: 161 | S19: 91 | T19: 44 | U19: 15
A20: B | C20: 方案二90# | D20: 试件4 | E20: =100*F20/(100-F20) -> 4.2 | F20: 4.0307102 | G20: 1216.1 | H20: 720.6 | I20: 1219.6 | J20: 63.89 | K20: 63.57 | L20: 64.06 | M20: 63.44 | N20: 63.74 | O20: 15.12 | P20: 2.03 | R20: 161 | S20: 91 | T20: 44 | U20: 15
A21: B | C21: 方案二90# | D21: 试件5（浸） | E21: =100*F21/(100-F21) -> 4.2 | F21: 4.0307102 | G21: 1219.3 | H21: 723.2 | I21: 1222.5 | J21: 63.94 | K21: 63.44 | L21: 63.87 | M21: 63.49 | N21: 63.685 | O21: 14.19 | P21: 3.38 | R21: 161 | S21: 91 | T21: 44 | U21: 15
A22: B | C22: 方案三90# | D22: 试件1（浸） | E22: =100*F22/(100-F22) -> 4.2 | F22: 4.0307102 | G22: 1221.5 | H22: 725.7 | I22: 1224 | J22: 64.33 | K22: 64.76 | L22: 64.41 | M22: 64.11 | N22: =AVERAGE(J22:M22) -> 64.4025 | O22: 14.03 | P22: 3.62 | Q22: =100*AVERAGE(O22,O24,O26)/AVERAGEA(O23,O25) -> 88.341211 | R22: 161 | S22: 91 | T22: 44 | U22: 15
A23: B | C23: 方案三90# | D23: 试件2 | E23: =100*F23/(100-F23) -> 4.2 | F23: 4.0307102 | G23: 1221.1 | H23: 725 | I23: 1223.2 | J23: 64 | K23: 64.51 | L23: 64.12 | M23: 64.5 | N23: =AVERAGE(J23:M23) -> 64.2825 | O23: 15.55 | P23: 3.48 | R23: 161 | S23: 91 | T23: 44 | U23: 15
A24: B | C24: 方案三90# | D24: 试件3（浸） | E24: =100*F24/(100-F24) -> 4.2 | F24: 4.0307102 | G24: 1221.2 | H24: 723.6 | I24: 1223.9 | J24: 63.74 | K24: 63.59 | L24: 63.83 | M24: 63.46 | N24: =AVERAGE(J24:M24) -> 63.655 | O24: 12.72 | P24: 2.65 | R24: 161 | S24: 91 | T24: 44 | U24: 15
A25: B | C25: 方案三90# | D25: 试件4 | E25: =100*F25/(100-F25) -> 4.2 | F25: 4.0307102 | G25: 1220.2 | H25: 721.5 | I25: 1221.7 | J25: 63.59 | K25: 63.47 | L25: 63.65 | M25: 63.47 | N25: =AVERAGE(J25:M25) -> 63.545 | O25: 14.07 | P25: 2.3 | R25: 161 | S25: 91 | T25: 44 | U25: 15
A26: B | C26: 方案三90# | D26: 试件5（浸） | E26: =100*F26/(100-F26) -> 4.2 | F26: 4.0307102 | G26: 1220 | H26: 723.6 | I26: 1223.2 | J26: 63.88 | K26: 63.91 | L26: 64.43 | M26: 63.96 | N26: =AVERAGE(J26:M26) -> 64.045 | O26: 12.5 | P26: 3.28 | R26: 161 | S26: 91 | T26: 44 | U26: 15
A27: B | C27: 方案五90# | D27: 试件1（浸） | E27: =100*F27/(100-F27) -> 4.2 | F27: 4.0307102 | G27: 1218.5 | H27: 721.6 | I27: 1220.7 | J27: 63.74 | K27: 63.92 | L27: 63.93 | M27: 63.86 | N27: =AVERAGE(J27:M27) -> 63.8625 | O27: 13.04 | P27: 3.11 | Q27: =100*AVERAGE(O27,O29,O31)/AVERAGEA(O28,O30) -> 91.539823 | R27: 161 | S27: 91 | T27: 44 | U27: 15
A28: B | C28: 方案五90# | D28: 试件2 | E28: =100*F28/(100-F28) -> 4.2 | F28: 4.0307102 | G28: 1216.9 | H28: 719.1 | I28: 1218.9 | J28: 63.88 | K28: 63.66 | L28: 63.43 | M28: 63.43 | N28: =AVERAGE(J28:M28) -> 63.6 | O28: 14 | P28: 2.41 | R28: 161 | S28: 91 | T28: 44 | U28: 15
A29: B | C29: 方案五90# | D29: 试件3（浸） | E29: =100*F29/(100-F29) -> 4.2 | F29: 4.0307102 | G29: 1214.7 | H29: 717.6 | I29: 1217.2 | J29: 63.94 | K29: 63.97 | L29: 63.72 | M29: 63.7 | N29: =AVERAGE(J29:M29) -> 63.8325 | O29: 12.55 | P29: 3.1 | R29: 161 | S29: 91 | T29: 44 | U29: 15
A30: B | C30: 方案五90# | D30: 试件4 | E30: =100*F30/(100-F30) -> 4.2 | F30: 4.0307102 | G30: 1214.5 | H30: 717.1 | I30: 1217.4 | J30: 63.38 | K30: 63.45 | L30: 63.66 | M30: 63.71 | N30: =AVERAGE(J30:M30) -> 63.55 | O30: 14.25 | P30: 2.25 | R30: 161 | S30: 91 | T30: 44 | U30: 15
A31: B | C31: 方案五90# | D31: 试件5（浸） | E31: =100*F31/(100-F31) -> 4.2 | F31: 4.0307102 | G31: 1214.8 | H31: 717.7 | I31: 1218.5 | J31: 64.93 | K31: 64.72 | L31: 64.62 | M31: 64.61 | N31: =AVERAGE(J31:M31) -> 64.72 | O31: 13.2 | P31: 3.96 | R31: 161 | S31: 91 | T31: 44 | U31: 15
A32: B | C32: 110# | D32: 试件1（浸） | E32: =100*F32/(100-F32) -> 4.2 | F32: 4.0307102 | G32: 1217.9 | H32: 723.5 | I32: 1220.2 | J32: 62.55 | K32: 62.67 | L32: 62.56 | M32: 62.56 | N32: =AVERAGE(J32:M32) -> 62.585 | O32: 12.84 | P32: 2.89 | Q32: =100*AVERAGE(O32,O34,O36)/AVERAGEA(O33,O35) -> 91.470691 | R32: 144 | S32: 107.8 | T32: 43.95 | U32: 60.3
A33: B | C33: 110# | D33: 试件2 | E33: =100*F33/(100-F33) -> 4.2 | F33: 4.0307102 | G33: 1218 | H33: 725 | I33: 1221.2 | J33: 63.28 | K33: 63.37 | L33: 63.19 | M33: 63.36 | N33: =AVERAGE(J33:M33) -> 63.3 | O33: 14.37 | P33: 2.86 | R33: 144 | S33: 107.8 | T33: 43.95 | U33: 60.3
A34: B | C34: 110# | D34: 试件3（浸） | E34: =100*F34/(100-F34) -> 4.2 | F34: 4.0307102 | G34: 1216.7 | H34: 725.6 | I34: 1219.4 | J34: 63.09 | K34: 63.01 | L34: 63.03 | M34: 63 | N34: =AVERAGE(J34:M34) -> 63.0325 | O34: 12.97 | P34: 3.21 | R34: 144 | S34: 107.8 | T34: 43.95 | U34: 60.3
A35: B | C35: 110# | D35: 试件4 | E35: =100*F35/(100-F35) -> 4.2 | F35: 4.0307102 | G35: 1218.4 | H35: 726.4 | I35: 1222.5 | J35: 63.71 | K35: 63.43 | L35: 63.76 | M35: 63.49 | N35: =AVERAGE(J35:M35) -> 63.5975 | O35: 14.12 | P35: 2.31 | R35: 144 | S35: 107.8 | T35: 43.95 | U35: 60.3
A36: B | C36: 110# | D36: 试件5（浸） | E36: =100*F36/(100-F36) -> 4.2 | F36: 4.0307102 | G36: 1214.8 | H36: 723.2 | I36: 1218.7 | J36: 63.37 | K36: 63.21 | L36: 63.56 | M36: 63.38 | N36: =AVERAGE(J36:M36) -> 63.38 | O36: 13.28 | P36: 3.65 | R36: 144 | S36: 107.8 | T36: 43.95 | U36: 60.3
A37: B | C37: 130# | D37: 试件1（浸） | E37: =100*F37/(100-F37) -> 4.2 | F37: 4.0307102 | G37: 1217.1 | H37: 729.4 | I37: 1219.9 | J37: 62.32 | K37: 62.25 | L37: 62.32 | M37: 62.35 | N37: =AVERAGE(J37:M37) -> 62.31 | O37: 14.82 | P37: 3.74 | Q37: =100*AVERAGE(O37,O39,O41)/AVERAGEA(O38,O40) -> 93.804371 | R37: 111 | S37: 124 | T37: 41.5 | U37: 56
A38: B | C38: 130# | D38: 试件2 | E38: =100*F38/(100-F38) -> 4.2 | F38: 4.0307102 | G38: 1221.2 | H38: 729.5 | I38: 1223.4 | J38: 62.4 | K38: 62.32 | L38: 62.4 | M38: 62.35 | N38: =AVERAGE(J38:M38) -> 62.3675 | O38: 15.82 | P38: 2.9 | R38: 111 | S38: 124 | T38: 41.5 | U38: 56
A39: B | C39: 130# | D39: 试件3（浸） | E39: =100*F39/(100-F39) -> 4.2 | F39: 4.0307102 | G39: 1223.4 | H39: 732.5 | I39: 1226.8 | J39: 62.7 | K39: 62.75 | L39: 62.97 | M39: 62.88 | N39: =AVERAGE(J39:M39) -> 62.825 | O39: 14.5 | P39: 3.87 | R39: 111 | S39: 124 | T39: 41.5 | U39: 56
A40: B | C40: 130# | D40: 试件4 | E40: =100*F40/(100-F40) -> 4.2 | F40: 4.0307102 | G40: 1218.4 | H40: 727.3 | I40: 1221.3 | J40: 63.03 | K40: 63.05 | L40: 62.87 | M40: 62.87 | N40: =AVERAGE(J40:M40) -> 62.955 | O40: 15.6 | P40: 2.84 | R40: 111 | S40: 124 | T40: 41.5 | U40: 56
A41: B | C41: 130# | D41: 试件5（浸） | E41: =100*F41/(100-F41) -> 4.2 | F41: 4.0307102 | G41: 1222.7 | H41: 729.7 | I41: 1225.3 | J41: 63.27 | K41: 62.97 | L41: 62.97 | M41: 62.07 | N41: =AVERAGE(J41:M41) -> 62.82 | O41: 14.89 | P41: 3.43 | R41: 111 | S41: 124 | T41: 41.5 | U41: 56
A42: B | C42: 90# | D42: 试件1（浸） | E42: =100*F42/(100-F42) -> 4.2 | F42: 4.0307102 | G42: 1218.9 | H42: 723.5 | I42: 1221.1 | J42: 63.8 | K42: 63.64 | L42: 63.8 | M42: 63.65 | N42: =AVERAGE(J42:M42) -> 63.7225 | O42: 12.9 | P42: 2.66 | Q42: =100*AVERAGE(O42,O44,O46)/AVERAGEA(O43,O45) -> 89.55879 | R42: 161 | S42: 91 | T42: 44 | U42: 15
A43: B | C43: 90# | D43: 试件2 | E43: =100*F43/(100-F43) -> 4.2 | F43: 4.0307102 | G43: 1218 | H43: 723.6 | I43: 1221 | J43: 62.69 | K43: 63.05 | L43: 62.69 | M43: 63.05 | N43: =AVERAGE(J43:M43) -> 62.87 | O43: 14.96 | P43: 2.15 | R43: 161 | S43: 91 | T43: 44 | U43: 15
A44: B | C44: 90# | D44: 试件3（浸） | E44: =100*F44/(100-F44) -> 4.2 | F44: 4.0307102 | G44: 1219.6 | H44: 724.5 | I44: 1222.8 | J44: 63.13 | K44: 63.26 | L44: 63.1 | M44: 63.43 | N44: =AVERAGE(J44:M44) -> 63.23 | O44: 12.84 | P44: 3.73 | R44: 161 | S44: 91 | T44: 44 | U44: 15
A45: B | C45: 90# | D45: 试件4 | E45: =100*F45/(100-F45) -> 4.2 | F45: 4.0307102 | G45: 1220.1 | H45: 724.9 | I45: 1223 | J45: 63.29 | K45: 63.26 | L45: 63.12 | M45: 63.33 | N45: =AVERAGE(J45:M45) -> 63.25 | O45: 13.9 | P45: 2.75 | R45: 161 | S45: 91 | T45: 44 | U45: 15
A46: B | C46: 90# | D46: 试件5（浸） | E46: =100*F46/(100-F46) -> 4.2 | F46: 4.0307102 | G46: 1219.8 | H46: 724.5 | I46: 1222.7 | J46: 63.6 | K46: 63.72 | L46: 63.54 | M46: 63.74 | N46: =AVERAGE(J46:M46) -> 63.65 | O46: 13.03 | P46: 2.74 | R46: 161 | S46: 91 | T46: 44 | U46: 15
A47: C | B47: AC-20 | C47: 90# | D47: 试件1（浸） | E47: =100*F47/(100-F47) -> 4.2 | F47: 4.0307102 | G47: 1234.7 | H47: 732.3 | I47: 1235.8 | J47: 62.8 | K47: 62.89 | L47: 63.15 | M47: 63.23 | N47: =AVERAGE(J47:M47) -> 63.0175 | O47: 12.72 | P47: 3.21 | Q47: =100*AVERAGE(O47,O49,O51)/AVERAGEA(O48,O50) -> 83.484611 | R47: 161 | S47: 91 | T47: 44 | U47: 15
A48: C | C48: 90# | D48: 试件2 | E48: =100*F48/(100-F48) -> 4.2 | F48: 4.0307102 | G48: 1235.6 | H48: 733.7 | I48: 1236.9 | J48: 62.95 | K48: 62.94 | L48: 62.66 | M48: 62.61 | N48: =AVERAGE(J48:M48) -> 62.79 | O48: 16.87 | P48: 4.82 | R48: 161 | S48: 91 | T48: 44 | U48: 15
A49: C | C49: 90# | D49: 试件3（浸） | E49: =100*F49/(100-F49) -> 4.2 | F49: 4.0307102 | G49: 1235.9 | H49: 732.2 | I49: 1237.3 | J49: 64.14 | K49: 63.2 | L49: 63.23 | M49: 63.61 | N49: =AVERAGE(J49:M49) -> 63.545 | O49: 13.85 | P49: 2.97 | R49: 161 | S49: 91 | T49: 44 | U49: 15
A50: C | C50: 90# | D50: 试件4 | E50: =100*F50/(100-F50) -> 4.2 | F50: 4.0307102 | G50: 1238.7 | H50: 734.1 | I50: 1240.5 | J50: 63.92 | K50: 63.58 | L50: 63.54 | M50: 63.82 | N50: =AVERAGE(J50:M50) -> 63.715 | O50: 15.08 | P50: 3.04 | R50: 161 | S50: 91 | T50: 44 | U50: 15
A51: C | C51: 90# | D51: 试件5（浸） | E51: =100*F51/(100-F51) -> 4.2 | F51: 4.0307102 | G51: 1238.5 | H51: 734.4 | I51: 1240.4 | J51: 63.84 | K51: 63.61 | L51: 63.57 | M51: 63.66 | N51: =AVERAGE(J51:M51) -> 63.67 | O51: 13.44 | P51: 3.92 | R51: 161 | S51: 91 | T51: 44 | U51: 15
A52: D | B52: AC-20 | C52: 90#-1 | D52: 试件1（浸） | E52: =100*F52/(100-F52) -> 4.4 | F52: 4.2145594 | G52: 1239.7 | H52: 743.8 | I52: 1242.1 | J52: 63.5 | K52: 64 | L52: 63.9 | M52: / | N52: 63.8 | O52: 16.75 | P52: 4.24 | Q52: =100*AVERAGE(O52,O53,O55)/AVERAGE(O54,O56) -> 95.381062 | R52: 161 | S52: 91 | T52: 44 | U52: 15
A53: D | C53: 90#-1 | D53: 试件2（浸） | E53: =100*F53/(100-F53) -> 4.4 | F53: 4.2145594 | G53: 1234.2 | H53: 739.7 | I53: 1235.7 | J53: 63.5 | K53: 63.8 | L53: 63.4 | M53: / | N53: 63.566667 | O53: 16.8 | P53: 5.58 | R53: 161 | S53: 91 | T53: 44 | U53: 15
A54: D | C54: 90#-1 | D54: 试件3 | E54: =100*F54/(100-F54) -> 4.4 | F54: 4.2145594 | G54: 1237.7 | H54: 738.3 | I54: 1239.7 | J54: 64.3 | K54: 64.6 | L54: 64.6 | M54: / | N54: 64.5 | O54: 17.66 | P54: 3.22 | R54: 161 | S54: 91 | T54: 44 | U54: 15
A55: D | C55: 90#-1 | D55: 试件4(浸) | E55: =100*F55/(100-F55) -> 4.4 | F55: 4.2145594 | G55: 1236.9 | H55: 738.8 | I55: 1238.8 | J55: 64.2 | K55: 63.7 | L55: 63.7 | M55: / | N55: 63.866667 | O55: 16.01 | P55: 5.37 | R55: 161 | S55: 91 | T55: 44 | U55: 15
A56: D | C56: 90#-1 | D56: 试件5 | E56: =100*F56/(100-F56) -> 4.4 | F56: 4.2145594 | G56: 1252.3 | H56: 754.3 | I56: 1256.3 | J56: 65.1 | K56: 65 | L56: 65.2 | M56: / | N56: 65.1 | O56: 16.98 | P56: 2.42 | R56: 161 | S56: 91 | T56: 44 | U56: 15
A57: D | C57: 90# | D57: 试件1 | E57: =100*F57/(100-F57) -> 4.4 | F57: 4.2145594 | G57: 1219.4 | H57: 719.6 | I57: 1221.3 | J57: 62.2 | K57: 62.4 | L57: 63 | M57: / | N57: 62.533333 | O57: 16.25 | P57: 2.68 | Q57: =100*AVERAGE(O58,O59,O61)/AVERAGE(O60,O57) -> 92.836965 | R57: 161 | S57: 91 | T57: 44 | U57: 15
A58: D | C58: 90# | D58: 试件2（浸） | E58: =100*F58/(100-F58) -> 4.4 | F58: 4.2145594 | G58: 1224.4 | H58: 723.1 | I58: 1235.7 | J58: 63.1 | K58: 62.8 | L58: 62.6 | M58: / | N58: 62.833333 | O58: 15.06 | P58: 5.53 | R58: 161 | S58: 91 | T58: 44 | U58: 15
A59: D | C59: 90# | D59: 试件3（浸） | E59: =100*F59/(100-F59) -> 4.4 | F59: 4.2145594 | G59: 1234.4 | H59: 733.1 | I59: 1235.7 | J59: 63 | K59: 63.2 | L59: 63 | M59: / | N59: 63.066667 | O59: 15.36 | P59: 2.96 | R59: 161 | S59: 91 | T59: 44 | U59: 15
A60: D | C60: 90# | D60: 试件4 | E60: =100*F60/(100-F60) -> 4.4 | F60: 4.2145594 | G60: 1237.8 | H60: 736.3 | I60: 1239.7 | J60: 63.5 | K60: 63.8 | L60: 63.9 | M60: / | N60: 63.733333 | O60: 16.79 | P60: 3.07 | R60: 161 | S60: 91 | T60: 44 | U60: 15
A61: D | C61: 90# | D61: 试件5（浸） | E61: =100*F61/(100-F61) -> 4.4 | F61: 4.2145594 | G61: 1229.9 | H61: 728.2 | I61: 1232.1 | J61: 63.1 | K61: 63.3 | L61: 63.1 | M61: / | N61: 63.4 | O61: 15.59 | P61: 5.21 | R61: 161 | S61: 91 | T61: 44 | U61: 15
A62: D | C62: 90#对比 | D62: 试件1（浸） | E62: =100*F62/(100-F62) -> 4.4 | F62: 4.2145594 | G62: 1236.6 | H62: 744.8 | I62: 1237.5 | J62: 62.4 | K62: 62.2 | L62: 62.2 | M62: / | N62: 62.266667 | O62: 15.45 | P62: 4.29 | Q62: =100*AVERAGEA(O63,O66,O62)/AVERAGEA(O64,O65) -> 87.969434 | R62: 161 | S62: 91 | T62: 44 | U62: 15
A63: D | C63: 90#对比 | D63: 试件2（浸） | E63: =100*F63/(100-F63) -> 4.4 | F63: 4.2145594 | G63: 1239.7 | H63: 748.4 | I63: 1240.9 | J63: 62.2 | K63: 62.3 | L63: 62.2 | M63: / | N63: 62.233333 | O63: 16.86 | P63: 3.6 | R63: 161 | S63: 91 | T63: 44 | U63: 15
A64: D | C64: 90#对比 | D64: 试件3 | E64: =100*F64/(100-F64) -> 4.4 | F64: 4.2145594 | G64: 1244.6 | H64: 750.6 | I64: 1246 | J64: 62,3 | K64: 62.2 | L64: 62.6 | M64: / | N64: 62.4 | O64: 18.5 | P64: 2.42 | R64: 161 | S64: 91 | T64: 44 | U64: 15
A65: D | C65: 90#对比 | D65: 试件4 | E65: =100*F65/(100-F65) -> 4.4 | F65: 4.2145594 | G65: 1252.3 | H65: 754.3 | I65: 1254.3 | J65: 63.5 | K65: 63.5 | L65: 63.4 | M65: / | N65: 63.466667 | O65: 17.27 | P65: 4.59 | R65: 161 | S65: 91 | T65: 44 | U65: 15
A66: D | C66: 90#对比 | D66: 试件5（浸） | E66: =100*F66/(100-F66) -> 4.4 | F66: 4.2145594 | G66: 1231.6 | H66: 740.3 | I66: 1233.4 | J66: 63 | K66: 62.9 | L66: 62.7 | M66: / | N66: 62.866667 | O66: 14.89 | P66: 3.69 | R66: 161 | S66: 91 | T66: 44 | U66: 15
A67: D | C67: 70# | D67: 试件1 | E67: =100*F67/(100-F67) -> 4.4 | F67: 4.2145594 | G67: 1225.3 | H67: 725.6 | I67: 1228.3 | J67: 63.74 | K67: 63.75 | L67: 63.9 | M67: / | N67: 63.796667 | O67: 14.68 | P67: 2.07 | Q67: =100*AVERAGE(O68,O70,O71)/AVERAGE(O69,O67) -> 94.444444 | R67: 258 | S67: 72 | T67: 47.6 | U67: 8.2
A68: D | C68: 70# | D68: 试件2（浸） | E68: =100*F68/(100-F68) -> 4.4 | F68: 4.2145594 | G68: 1220.4 | H68: 721.5 | I68: 1224.3 | J68: 63.58 | K68: 63.75 | L68: 63.77 | M68: / | N68: 63.7 | O68: 13.68 | P68: 3.88 | R68: 258 | S68: 72 | T68: 47.6 | U68: 8.2
A69: D | C69: 70# | D69: 试件3 | E69: =100*F69/(100-F69) -> 4.4 | F69: 4.2145594 | G69: 1218.6 | H69: 722.8 | I69: 1222.6 | J69: 64.12 | K69: 64.42 | L69: 64.24 | M69: / | N69: 64.26 | O69: 14.12 | P69: 3.64 | R69: 258 | S69: 72 | T69: 47.6 | U69: 8.2
A70: D | C70: 70# | D70: 试件4(浸) | E70: =100*F70/(100-F70) -> 4.4 | F70: 4.2145594 | G70: 1221.8 | H70: 721.3 | I70: 1227.1 | J70: 64.38 | K70: 64.46 | L70: 64.42 | M70: / | N70: 64.42 | O70: 13.94 | P70: 4.03 | R70: 258 | S70: 72 | T70: 47.6 | U70: 8.2
A71: D | C71: 70# | D71: 试件5（浸） | E71: =100*F71/(100-F71) -> 4.4 | F71: 4.2145594 | G71: 1216.2 | H71: 719.9 | I71: 1221.1 | J71: 64.01 | K71: 63.94 | L71: 64.33 | M71: / | N71: 64.093333 | O71: 13.18 | P71: 2.93 | R71: 258 | S71: 72 | T71: 47.6 | U71: 8.2
A72: E | B72: AC-20 | C72: 90#方案一 | D72: 试件1（浸水） | E72: =100*F72/(100-F72) -> 4.5041279 | F72: 4.31 | G72: 1212.3 | H72: 715 | I72: 1213.8 | J72: 64.09 | K72: 63.87 | L72: 63.75 | M72: 64.05 | N72: 63.94 | O72: 11.63 | P72: 5.72 | Q72: =100*AVERAGE(O72,O74,O76)/AVERAGEA(O73,O75) -> 93.157823 | R72: 161 | S72: 91 | T72: 44 | U72: 15
A73: E | C73: 90#方案一 | D73: 试件2 | E73: =100*F73/(100-F73) -> 4.5041279 | F73: 4.31 | G73: 1215.9 | H73: 713.7 | I73: 1218 | J73: 64.18 | K73: 64.43 | L73: 64.35 | M73: 64.2 | N73: 64.29 | O73: 12.28 | P73: 2.42 | R73: 161 | S73: 91 | T73: 44 | U73: 15
A74: E | C74: 90#方案一 | D74: 试件3（浸水） | E74: =100*F74/(100-F74) -> 4.5041279 | F74: 4.31 | G74: 1210.1 | H74: 709.4 | I74: 1212.6 | J74: 64.49 | K74: 64.53 | L74: 64.74 | M74: 64.49 | N74: 64.5625 | O74: 11.47 | P74: 3.37 | R74: 161 | S74: 91 | T74: 44 | U74: 15
A75: E | C75: 90#方案一 | D75: 试件4 | E75: =100*F75/(100-F75) -> 4.5041279 | F75: 4.31 | G75: 1204.6 | H75: 706.2 | I75: 1208.5 | J75: 64.51 | K75: 64.28 | L75: 64.46 | M75: 64.58 | N75: 64.4575 | O75: 12.03 | P75: 2.06 | R75: 161 | S75: 91 | T75: 44 | U75: 15
A76: E | C76: 90#方案一 | D76: 试件5（浸水） | E76: =100*F76/(100-F76) -> 4.5041279 | F76: 4.31 | G76: 1203.6 | H76: 709.3 | I76: 1206.9 | J76: 63.72 | K76: 64.04 | L76: 64.91 | M76: 63.64 | N76: 64.0775 | O76: 10.87 | P76: 2.92 | R76: 161 | S76: 91 | T76: 44 | U76: 15
A77: E | C77: 90#方案二 | D77: 试件1（浸水） | E77: =100*F77/(100-F77) -> 4.5041279 | F77: 4.31 | G77: 1211.5 | H77: 714.4 | I77: 1212.7 | J77: 63.66 | K77: 63.24 | L77: 63.4 | M77: 63.65 | N77: 63.4875 | O77: 10.91 | P77: 2.27 | Q77: =100*AVERAGE(O77,O79,O81)/AVERAGEA(O78,O80) -> 93.738085 | R77: 161 | S77: 91 | T77: 44 | U77: 15
A78: E | C78: 90#方案二 | D78: 试件2 | E78: =100*F78/(100-F78) -> 4.5041279 | F78: 4.31 | G78: 1216.6 | H78: 713.5 | I78: 1218.8 | J78: 64.36 | K78: 64.55 | L78: 64.27 | M78: 64.24 | N78: 64.355 | O78: 11.4 | P78: 2.24 | R78: 161 | S78: 91 | T78: 44 | U78: 15
A79: E | C79: 90#方案二 | D79: 试件3（浸水） | E79: =100*F79/(100-F79) -> 4.5041279 | F79: 4.31 | G79: 1214.5 | H79: 716.2 | I79: 1216.7 | J79: 63.14 | K79: 63.24 | L79: 63.51 | M79: 63.17 | N79: 63.265 | O79: 10.68 | P79: 3.26 | R79: 161 | S79: 91 | T79: 44 | U79: 15
A80: E | C80: 90#方案二 | D80: 试件4 | E80: =100*F80/(100-F80) -> 4.5041279 | F80: 4.31 | G80: 1211 | H80: 708.1 | I80: 1213.8 | J80: 65.13 | K80: 65.55 | L80: 65.6 | M80: 65.11 | N80: 65.3475 | O80: 11.33 | P80: 3.32 | R80: 161 | S80: 91 | T80: 44 | U80: 15
A81: E | C81: 90#方案二 | D81: 试件5（浸水） | E81: =100*F81/(100-F81) -> 4.5041279 | F81: 4.31 | G81: 1194 | H81: 703.4 | I81: 1199.6 | J81: 63.91 | K81: 64.18 | L81: 64.12 | M81: 63.84 | N81: 64.0125 | O81: 10.37 | P81: 2.77 | R81: 161 | S81: 91 | T81: 44 | U81: 15
A82: E | C82: 90#方案三 | D82: 试件1（浸水） | E82: =100*F82/(100-F82) -> 4.5041279 | F82: 4.31 | G82: 1203.3 | H82: 715.3 | I82: 1204.5 | J82: 62.33 | K82: 62.34 | L82: 62.35 | M82: 62.2 | N82: 62.305 | O82: 10.46 | P82: 2.16 | Q82: =100*AVERAGE(O82,O84,O86)/AVERAGEA(O83,O85) -> 88.925895 | R82: 161 | S82: 91 | T82: 44 | U82: 15
A83: E | C83: 90#方案三 | D83: 试件2 | E83: =100*F83/(100-F83) -> 4.5041279 | F83: 4.31 | G83: 1218.4 | H83: 718.9 | I83: 1220.9 | J83: 64.39 | K83: 64.31 | L83: 64.19 | M83: 64.45 | N83: 64.335 | O83: 12.25 | P83: 2.56 | R83: 161 | S83: 91 | T83: 44 | U83: 15
A84: E | C84: 90#方案三 | D84: 试件3（浸水） | E84: =100*F84/(100-F84) -> 4.5041279 | F84: 4.31 | G84: 1213.5 | H84: 717.3 | I84: 1216.3 | J84: 63.54 | K84: 63.54 | L84: 63.52 | M84: 63.6 | N84: 63.55 | O84: 11.48 | P84: 2.92 | R84: 161 | S84: 91 | T84: 44 | U84: 15
A85: E | C85: 90#方案三 | D85: 试件4 | E85: =100*F85/(100-F85) -> 4.5041279 | F85: 4.31 | G85: 1215.5 | H85: 717 | I85: 1219.3 | J85: 64.47 | K85: 64.47 | L85: 64.63 | M85: 64.28 | N85: 64.4625 | O85: 11.77 | P85: 2.29 | R85: 161 | S85: 91 | T85: 44 | U85: 15
A86: E | C86: 90#方案三 | D86: 试件5（浸水） | E86: =100*F86/(100-F86) -> 4.5041279 | F86: 4.31 | G86: 1214.3 | H86: 717.4 | I86: 1217.2 | J86: 63.71 | K86: 63.81 | L86: 64 | M86: 63.64 | N86: 63.79 | O86: 10.1 | P86: 3.76 | R86: 161 | S86: 91 | T86: 44 | U86: 15
A87: E | C87: 直馏90#改性I-C | D87: 试件1（浸水） | E87: =100*F87/(100-F87) -> 4.5041279 | F87: 4.31 | G87: 1212 | H87: 713.2 | I87: 1214.3 | J87: 64.22 | K87: 64.34 | L87: 64.32 | M87: 64.02 | N87: 64.225 | O87: 13.87 | P87: 1.9 | Q87: =100*AVERAGE(O87,O89,O91)/AVERAGEA(O88,O90) -> 95.155308 | R87: 161 | S87: 91 | T87: 44 | U87: 15
A88: E | C88: 直馏90#改性I-C | D88: 试件2 | E88: =100*F88/(100-F88) -> 4.5041279 | F88: 4.31 | G88: 1206.4 | H88: 709.1 | I88: 1209.5 | J88: 64.91 | K88: 64.54 | L88: 64.85 | M88: 64.73 | N88: 64.7575 | O88: 14.02 | P88: 2.62 | R88: 161 | S88: 91 | T88: 44 | U88: 15
A89: E | C89: 直馏90#改性I-C | D89: 试件3（浸水） | E89: =100*F89/(100-F89) -> 4.5041279 | F89: 4.31 | G89: 1201.3 | H89: 707.9 | I89: 1204.5 | J89: 64.36 | K89: 64.53 | L89: 64.06 | M89: 64.21 | N89: 64.29 | O89: 13.31 | P89: 2.05 | R89: 161 | S89: 91 | T89: 44 | U89: 15
A90: E | C90: 直馏90#改性I-C | D90: 试件4 | E90: =100*F90/(100-F90) -> 4.5041279 | F90: 4.31 | G90: 1198.5 | H90: 704.5 | I90: 1202 | J90: 64.68 | K90: 64.49 | L90: 65.02 | M90: 64.7 | N90: 64.7225 | O90: 14.74 | P90: 1.96 | R90: 161 | S90: 91 | T90: 44 | U90: 15
A91: E | C91: 直馏90#改性I-C | D91: 试件5（浸水） | E91: =100*F91/(100-F91) -> 4.5041279 | F91: 4.31 | G91: 1188.5 | H91: 698.3 | I91: 1191.9 | J91: 63.45 | K91: 63.45 | L91: 63.68 | M91: 64.34 | N91: 63.73 | O91: 13.87 | P91: 2.66 | R91: 161 | S91: 91 | T91: 44 | U91: 15
A92: E | C92: 调和II改性I-C | D92: 试件1（浸水） | E92: =100*F92/(100-F92) -> 4.5041279 | F92: 4.31 | G92: 1208.9 | H92: 712.6 | I92: 1211.3 | J92: 64.15 | K92: 64.26 | L92: 64.66 | M92: 64.2 | N92: 64.3175 | O92: 13.4 | P92: 1.9 | Q92: =100*AVERAGE(O92,O94,O96)/AVERAGEA(O93,O95) -> 90.890551 | R92: 162 | S92: 92 | T92: 45 | U92: 16
A93: E | C93: 调和II改性I-C | D93: 试件2 | E93: =100*F93/(100-F93) -> 4.5041279 | F93: 4.31 | G93: 1211.4 | H93: 710.9 | I93: 1214.7 | J93: 65.04 | K93: 65.17 | L93: 64.88 | M93: 65.22 | N93: 65.0775 | O93: 14.93 | P93: 2.62 | R93: 163 | S93: 93 | T93: 46 | U93: 17
A94: E | C94: 调和II改性I-C | D94: 试件3（浸水） | E94: =100*F94/(100-F94) -> 4.5041279 | F94: 4.31 | G94: 1203.1 | H94: 708.1 | I94: 1205.9 | J94: 64.51 | K94: 64.51 | L94: 64.3 | M94: 64.44 | N94: 64.44 | O94: 13.04 | P94: 2.05 | R94: 164 | S94: 94 | T94: 47 | U94: 18
A95: E | C95: 调和II改性I-C | D95: 试件4 | E95: =100*F95/(100-F95) -> 4.5041279 | F95: 4.31 | G95: 1199 | H95: 703.3 | I95: 1202.3 | J95: 63.69 | K95: 63.86 | L95: 63.73 | M95: 63.61 | N95: 63.7225 | O95: 14.49 | P95: 1.96 | R95: 165 | S95: 95 | T95: 48 | U95: 19
A96: E | C96: 调和II改性I-C | D96: 试件5（浸水） | E96: =100*F96/(100-F96) -> 4.5041279 | F96: 4.31 | G96: 1194.4 | H96: 700.9 | I96: 1197.2 | J96: 64.73 | K96: 64.43 | L96: 64.49 | M96: 64.62 | N96: 64.5675 | O96: 13.67 | P96: 2.66 | R96: 166 | S96: 96 | T96: 49 | U96: 20
A97: E | C97: 调和I改性I-C | D97: 试件1（浸水） | E97: =100*F97/(100-F97) -> 4.5041279 | F97: 4.31 | G97: 1210.3 | H97: 711.9 | I97: 1212.1 | J97: 63.43 | K97: 63.37 | L97: 63.33 | M97: 63.52 | N97: 63.4125 | O97: 12.47 | P97: 1.9 | Q97: =100*AVERAGE(O97,O99,O101)/AVERAGEA(O98,O100) -> 90.844899 | R97: 167 | S97: 97 | T97: 50 | U97: 21
A98: E | C98: 调和I改性I-C | D98: 试件2 | E98: =100*F98/(100-F98) -> 4.5041279 | F98: 4.31 | G98: 1215.3 | H98: 715.7 | I98: 1216.2 | J98: 53.54 | K98: 63.65 | L98: 63.85 | M98: 63.5 | N98: 61.135 | O98: 13.73 | P98: 2.62 | R98: 168 | S98: 98 | T98: 51 | U98: 22
A99: E | C99: 调和I改性I-C | D99: 试件3（浸水） | E99: =100*F99/(100-F99) -> 4.5041279 | F99: 4.31 | G99: 1207.6 | H99: 709.3 | I99: 1209.4 | J99: 64.12 | K99: 64.09 | L99: 63.86 | M99: 64.12 | N99: 64.0475 | O99: 12.61 | P99: 2.05 | R99: 169 | S99: 99 | T99: 52 | U99: 23
A100: E | C100: 调和I改性I-C | D100: 试件4 | E100: =100*F100/(100-F100) -> 4.5041279 | F100: 4.31 | G100: 1202.2 | H100: 705 | I100: 1203.9 | J100: 63.66 | K100: 63.37 | L100: 63.88 | M100: 63.39 | N100: 63.575 | O100: 13.65 | P100: 1.96 | R100: 170 | S100: 100 | T100: 53 | U100: 24
...

Sheet 冻融劈裂
A1: 60℃动力粘度 | B1: 针入度 | C1: 软化点 | D1: 残留延度(10℃) | E1: 试件来源 | F1: 级配类型 | G1: 试件类型 | H1: 试件名称 | I1: 油石比/% | J1: 沥青用量/% | K1: 实验数据 | T1: 计算数据 | W1: 60℃动力粘度 | X1: 针入度 | Y1: 软化点 | Z1: 残留延度(10℃)
K2: 干重/g | L2: 水中重/g | M2: 表干重/g | N2: 高度1/mm | O2: 高度2/mm | P2: 高度3/mm | Q2: 高度4/mm | R2: 均值/mm | S2: 荷载/kN | T2: 劈裂强度/Mpa | U2: TSR/% | V2: 均值/Mpa
A3: 161 | B3: 91 | C3: 44 | D3: 15 | E3: A | F3: 90# AC-20-1 | G3: 90#1（90#） | H3: 试件1 | I3: =100*J3/(100-J3) -> 4.3 | J3: 4.1227229 | K3: 1154.5 | L3: 682.2 | M3: 1161.9 | N3: 63.8 | O3: 63.6 | P3: 63.6 | Q3: / | R3: =AVERAGE(N3:P3) -> 63.666667 | S3: 12.42 | T3: =0.006287*S3*1000/R3 -> 1.2264587 | U3: =V3/V4 -> 0.8737633 | V3: =AVERAGE(T4,T6) -> 1.1169096 | W3: 161 | X3: 91 | Y3: 44 | Z3: 15
A4: 161 | B4: 91 | C4: 44 | D4: 15 | E4: A | G4: 90#1（90#） | H4: 试件2（冻） | I4: =100*J4/(100-J4) -> 4.3 | J4: 4.1227229 | K4: 1166.9 | L4: 689.2 | M4: 1173.3 | N4: 63.1 | O4: 63 | P4: 62.9 | Q4: / | R4: =AVERAGE(N4:P4) -> 63 | S4: 11.11 | T4: =0.006287*S4*1000/R4 -> 1.1087075 | V4: =AVERAGE(T3,T5,T7) -> 1.2782748 | W4: 161 | X4: 91 | Y4: 44 | Z4: 15
A5: 161 | B5: 91 | C5: 44 | D5: 15 | E5: A | G5: 90#1（90#） | H5: 试件3 | I5: =100*J5/(100-J5) -> 4.3 | J5: 4.1227229 | K5: 1154.6 | L5: 681.3 | M5: 1161.9 | N5: 62.8 | O5: 62.8 | P5: 62.6 | Q5: / | R5: =AVERAGE(N5:P5) -> 62.733333 | S5: 12.28 | T5: =0.006287*S5*1000/R5 -> 1.2306752 | W5: 161 | X5: 91 | Y5: 44 | Z5: 15
A6: 161 | B6: 91 | C6: 44 | D6: 15 | E6: A | G6: 90#1（90#） | H6: 试件4（冻） | I6: =100*J6/(100-J6) -> 4.3 | J6: 4.1227229 | K6: 1159.6 | L6: 684.3 | M6: 1167.4 | N6: 63.6 | O6: 63.3 | P6: 63.2 | Q6: / | R6: =AVERAGE(N6:P6) -> 63.366667 | S6: 11.34 | T6: =0.006287*S6*1000/R6 -> 1.1251117 | W6: 161 | X6: 91 | Y6: 44 | Z6: 15
A7: 161 | B7: 91 | C7: 44 | D7: 15 | E7: A | G7: 90#1（90#） | H7: 试件5 | I7: =100*J7/(100-J7) -> 4.3 | J7: 4.1227229 | K7: 1155.1 | L7: 683.6 | M7: 1163.3 | N7: 63.2 | O7: 63 | P7: 63 | Q7: / | R7: =AVERAGE(N7:P7) -> 63.066667 | S7: 13.82 | T7: =0.006287*S7*1000/R7 -> 1.3776904 | W7: 161 | X7: 91 | Y7: 44 | Z7: 15
A8: 161 | B8: 91 | C8: 44 | D8: 15 | E8: A | F8: 90# AC-20-2 | G8: 90#2（实验室自制） | H8: 试件1 | I8: =100*J8/(100-J8) -> 4.3 | J8: 4.1227229 | K8: 1155.1 | L8: 683.7 | M8: 1158.3 | N8: 61.6 | O8: 61.8 | P8: 61.8 | Q8: / | R8: =AVERAGE(N8:P8) -> 61.733333 | S8: 17.32 | T8: =0.006287*S8*1000/R8 -> 1.7638905 | U8: =V8/V9 -> 0.84371546 | V8: =AVERAGE(T9,T11) -> 1.4120368 | W8: 161 | X8: 91 | Y8: 44 | Z8: 15
A9: 161 | B9: 91 | C9: 44 | D9: 15 | E9: A | G9: 90#2（实验室自制） | H9: 试件2（冻） | I9: =100*J9/(100-J9) -> 4.3 | J9: 4.1227229 | K9: 1163.7 | L9: 690.6 | M9: 1168.9 | N9: 63 | O9: 62.8 | P9: 63 | Q9: / | R9: =AVERAGE(N9:P9) -> 62.933333 | S9: 13.75 | T9: =0.006287*S9*1000/R9 -> 1.3736163 | V9: =AVERAGE(T8,T10,T12) -> 1.6735936 | W9: 161 | X9: 91 | Y9: 44 | Z9: 15
A10: 161 | B10: 91 | C10: 44 | D10: 15 | E10: A | G10: 90#2（实验室自制） | H10: 试件3 | I10: =100*J10/(100-J10) -> 4.3 | J10: 4.1227229 | K10: 1166.3 | L10: 688.4 | M10: 1171.1 | N10: 62.8 | O10: 62.6 | P10: 62.8 | Q10: / | R10: =AVERAGE(N10:P10) -> 62.733333 | S10: 15.4 | T10: =0.006287*S10*1000/R10 -> 1.5433549 | W10: 161 | X10: 91 | Y10: 44 | Z10: 15
A11: 161 | B11: 91 | C11: 44 | D11: 15 | E11: A | G11: 90#2（实验室自制） | H11: 试件4（冻） | I11: =100*J11/(100-J11) -> 4.3 | J11: 4.1227229 | K11: 1163.6 | L11: 689.8 | M11: 1168.5 | N11: 62 | O11: 62.2 | P11: 62.4 | Q11: / | R11: =AVERAGE(N11:P11) -> 62.2 | S11: 14.35 | T11: =0.006287*S11*1000/R11 -> 1.4504574 | W11: 161 | X11: 91 | Y11: 44 | Z11: 15
A12: 161 | B12: 91 | C12: 44 | D12: 15 | E12: A | G12: 90#2（实验室自制） | H12: 试件5 | I12: =100*J12/(100-J12) -> 4.3 | J12: 4.1227229 | K12: 1168.4 | L12: 691.1 | M12: 1171.1 | N12: 61.6 | O12: 62.5 | P12: 62.8 | Q12: / | R12: =AVERAGE(N12:P12) -> 62.3 | S12: 16.98 | T12: =0.006287*S12*1000/R12 -> 1.7135355 | W12: 161 | X12: 91 | Y12: 44 | Z12: 15
A13: 161 | B13: 91 | C13: 44 | D13: 15 | E13: A | G13: 90#2（90#对比） | H13: 试件1 | I13: =100*J13/(100-J13) -> 4.3 | J13: 4.1227229 | K13: 1162.2 | L13: 686.7 | M13: 1171.9 | N13: 64.6 | O13: 64.3 | P13: 64.7 | Q13: / | R13: =AVERAGE(N13:P13) -> 64.533333 | S13: 13.98 | T13: =0.006287*S13*1000/R13 -> 1.3619668 | U13: =V13/V14 -> 0.87264837 | V13: =AVERAGE(T14,T16) -> 1.2402841 | W13: 161 | X13: 91 | Y13: 44 | Z13: 15
A14: 161 | B14: 91 | C14: 44 | D14: 15 | E14: A | G14: 90#2（90#对比） | H14: 试件2（冻） | I14: =100*J14/(100-J14) -> 4.3 | J14: 4.1227229 | K14: 1162.7 | L14: 687.9 | M14: 1168.6 | N14: 64.2 | O14: 64.3 | P14: 64.1 | Q14: / | R14: =AVERAGE(N14:P14) -> 64.2 | S14: 12.45 | T14: =0.006287*S14*1000/R14 -> 1.2192079 | V14: =AVERAGE(T13,T15,T17) -> 1.4212874 | W14: 161 | X14: 91 | Y14: 44 | Z14: 15
A15: 161 | B15: 91 | C15: 44 | D15: 15 | E15: A | G15: 90#2（90#对比） | H15: 试件3 | I15: =100*J15/(100-J15) -> 4.3 | J15: 4.1227229 | K15: 1160.2 | L15: 684.8 | M15: 1167 | N15: 62.5 | O15: 62.4 | P15: 62.6 | Q15: / | R15: =AVERAGE(N15:P15) -> 62.5 | S15: 14.7 | T15: =0.006287*S15*1000/R15 -> 1.4787024 | W15: 161 | X15: 91 | Y15: 44 | Z15: 15
A16: 161 | B16: 91 | C16: 44 | D16: 15 | E16: A | G16: 90#2（90#对比） | H16: 试件4（冻） | I16: =100*J16/(100-J16) -> 4.3 | J16: 4.1227229 | K16: 1169 | L16: 689.3 | M16: 1175.4 | N16: 63.5 | O16: 63.5 | P16: 63.5 | Q16: / | R16: =AVERAGE(N16:P16) -> 63.5 | S16: 12.74 | T16: =0.006287*S16*1000/R16 -> 1.2613603 | W16: 161 | X16: 91 | Y16: 44 | Z16: 15
A17: 161 | B17: 91 | C17: 44 | D17: 15 | E17: A | G17: 90#2（90#对比） | H17: 试件5 | I17: =100*J17/(100-J17) -> 4.3 | J17: 4.1227229 | K17: 1168.6 | L17: 690 | M17: 1178.1 | N17: 64.2 | O17: 63.8 | P17: 63.5 | Q17: / | R17: =AVERAGE(N17:P17) -> 63.833333 | S17: 14.45 | T17: =0.006287*S17*1000/R17 -> 1.423193 | W17: 161 | X17: 91 | Y17: 44 | Z17: 15
A18: 161 | B18: 91 | C18: 44 | D18: 15 | E18: A | G18: 90#2（实验室自制） | H18: 试件1（冻） | I18: =100*J18/(100-J18) -> 4.5 | J18: 4.3062201 | K18: / | L18: / | M18: / | N18: 61.5 | O18: 62.1 | P18: 61.5 | Q18: / | R18: =AVERAGE(N18:P18) -> 61.7 | S18: 10.82 | T18: =6.287*S18/R18 -> 1.1025177 | U18: =V18/V19 -> 0.88438873 | V18: =AVERAGE(T18,T20,T22) -> 1.1887746 | W18: 161 | X18: 91 | Y18: 44 | Z18: 15
A19: 161 | B19: 91 | C19: 44 | D19: 15 | E19: A | G19: 90#2（实验室自制） | H19: 试件2 | I19: =100*J19/(100-J19) -> 4.5 | J19: 4.3062201 | K19: / | L19: / | M19: / | N19: 63.1 | O19: 63.4 | P19: 63.3 | Q19: / | R19: =AVERAGE(N19:P19) -> 63.266667 | S19: 13.76 | T19: =6.287*S19/R19 -> 1.3673728 | V19: =AVERAGE(T19,T21) -> 1.3441765 | W19: 161 | X19: 91 | Y19: 44 | Z19: 15
A20: 161 | B20: 91 | C20: 44 | D20: 15 | E20: A | G20: 90#2（实验室自制） | H20: 试件3（冻） | I20: =100*J20/(100-J20) -> 4.5 | J20: 4.3062201 | K20: / | L20: / | M20: / | N20: 61.4 | O20: 61.9 | P20: 61.6 | Q20: / | R20: =AVERAGE(N20:P20) -> 61.633333 | S20: 12.37 | T20: =6.287*S20/R20 -> 1.2618203 | W20: 161 | X20: 91 | Y20: 44 | Z20: 15
A21: 161 | B21: 91 | C21: 44 | D21: 15 | E21: A | G21: 90#2（实验室自制） | H21: 试件4 | I21: =100*J21/(100-J21) -> 4.5 | J21: 4.3062201 | K21: / | L21: / | M21: / | N21: 61.2 | O21: 62.3 | P21: 62.4 | Q21: / | R21: =AVERAGE(N21:P21) -> 61.966667 | S21: 13.02 | T21: =6.287*S21/R21 -> 1.3209802 | W21: 161 | X21: 91 | Y21: 44 | Z21: 15
A22: 161 | B22: 91 | C22: 44 | D22: 15 | E22: A | G22: 90#2（实验室自制） | H22: 试件5（冻） | I22: =100*J22/(100-J22) -> 4.5 | J22: 4.3062201 | K22: / | L22: / | M22: / | N22: 62.4 | O22: 62.5 | P22: 62.3 | Q22: / | R22: =AVERAGE(N22:P22) -> 62.4 | S22: 11.93 | T22: =6.287*S22/R22 -> 1.2019857 | W22: 161 | X22: 91 | Y22: 44 | Z22: 15
A23: 161 | B23: 91 | C23: 44 | D23: 15 | E23: A | G23: 90#2（90#对比） | H23: 试件1 | I23: =100*J23/(100-J23) -> 4.5 | J23: 4.3062201 | K23: / | L23: / | M23: / | N23: 63.1 | O23: 63.4 | P23: 63.1 | Q23: / | R23: =AVERAGE(N23:P23) -> 63.2 | S23: 11.71 | T23: =6.287*S23/R23 -> 1.1648856 | U23: =V24/V23 -> 0.83037733 | V23: =AVERAGE(T23,T27) -> 1.2647252 | W23: 161 | X23: 91 | Y23: 44 | Z23: 15
A24: 161 | B24: 91 | C24: 44 | D24: 15 | E24: A | G24: 90#2（90#对比） | H24: 试件2（冻） | I24: =100*J24/(100-J24) -> 4.5 | J24: 4.3062201 | K24: / | L24: / | M24: / | N24: 63.7 | O24: 63.9 | P24: 63.7 | Q24: / | R24: =AVERAGE(N24:P24) -> 63.766667 | S24: 10.3 | T24: =6.287*S24/R24 -> 1.0155165 | V24: =AVERAGE(T25,T24,T26) -> 1.0501991 | W24: 161 | X24: 91 | Y24: 44 | Z24: 15
A25: 161 | B25: 91 | C25: 44 | D25: 15 | E25: A | G25: 90#2（90#对比） | H25: 试件3（冻） | I25: =100*J25/(100-J25) -> 4.5 | J25: 4.3062201 | K25: / | L25: / | M25: / | N25: 62.4 | O25: 62.5 | P25: 62.6 | Q25: / | R25: =AVERAGE(N25:P25) -> 62.5 | S25: 10.73 | T25: =6.287*S25/R25 -> 1.0793522 | W25: 161 | X25: 91 | Y25: 44 | Z25: 15
A26: 161 | B26: 91 | C26: 44 | D26: 15 | E26: A | G26: 90#2（90#对比） | H26: 试件4（冻） | I26: =100*J26/(100-J26) -> 4.5 | J26: 4.3062201 | K26: / | L26: / | M26: / | N26: 61.7 | O26: 62.2 | P26: 61.9 | Q26: / | R26: =AVERAGE(N26:P26) -> 61.933333 | S26: 10.4 | T26: =6.287*S26/R26 -> 1.0557287 | W26: 161 | X26: 91 | Y26: 44 | Z26: 15
A27: 161 | B27: 91 | C27: 44 | D27: 15 | E27: A | G27: 90#2（90#对比） | H27: 试件5 | I27: =100*J27/(100-J27) -> 4.5 | J27: 4.3062201 | K27: / | L27: / | M27: / | N27: 61.5 | O27: 61.7 | P27: 61.6 | Q27: / | R27: =AVERAGE(N27:P27) -> 61.6 | S27: 13.37 | T27: =6.287*S27/R27 -> 1.3645648 | W27: 161 | X27: 91 | Y27: 44 | Z27: 15
A28: 161 | B28: 91 | C28: 44 | D28: 15 | E28: B | F28: AC-20 | G28: 方案一90# | H28: 试件1 | I28: =100*J28/(100-J28) -> 4.2 | J28: 4.0307102 | K28: 1180.2 | L28: 700.6 | M28: 1182.2 | N28: 61.7 | O28: 61.45 | P28: 61.93 | Q28: 61.39 | R28: =AVERAGE(N28:Q28) -> 61.6175 | S28: 11.2 | T28: =6.287*S28/R28 -> 1.1427663 | U28: =V29/V28 -> 0.89524209 | V28: =AVERAGE(T28,T30,T32) -> 1.1845897 | W28: 161 | X28: 91 | Y28: 44 | Z28: 15
A29: 161 | B29: 91 | C29: 44 | D29: 15 | E29: B | G29: 方案一90# | H29: 试件2（冻） | I29: =100*J29/(100-J29) -> 4.2 | J29: 4.0307102 | K29: 1197.4 | L29: 709.8 | M29: 1199.7 | N29: 62.41 | O29: 62.78 | P29: 62.59 | Q29: 62.56 | R29: =AVERAGE(N29:Q29) -> 62.585 | S29: 10.24 | T29: =6.287*S29/R29 -> 1.0286631 | V29: =AVERAGE(T29,T31,T33) -> 1.0604946 | W29: 161 | X29: 91 | Y29: 44 | Z29: 15
A30: 161 | B30: 91 | C30: 44 | D30: 15 | E30: B | G30: 方案一90# | H30: 试件3 | I30: =100*J30/(100-J30) -> 4.2 | J30: 4.0307102 | K30: 1200.8 | L30: 708.7 | M30: 1204.1 | N30: 63.3 | O30: 63.05 | P30: 63.65 | Q30: 63.22 | R30: =AVERAGE(N30:Q30) -> 63.305 | S30: 12.77 | T30: =6.287*S30/R30 -> 1.2682251 | W30: 161 | X30: 91 | Y30: 44 | Z30: 15
A31: 161 | B31: 91 | C31: 44 | D31: 15 | E31: B | G31: 方案一90# | H31: 试件4（冻） | I31: =100*J31/(100-J31) -> 4.2 | J31: 4.0307102 | K31: 1201.1 | L31: 712.8 | M31: 1204.6 | N31: 62.72 | O31: 62.82 | P31: 62.46 | Q31: 62.92 | R31: =AVERAGE(N31:Q31) -> 62.73 | S31: 11.51 | T31: =6.287*S31/R31 -> 1.1535688 | W31: 161 | X31: 91 | Y31: 44 | Z31: 15
A32: 144 | B32: 107.8 | C32: 43.95 | D32: 60.3 | E32: B | G32: 方案一90# | H32: 试件5 | I32: =100*J32/(100-J32) -> 4.2 | J32: 4.0307102 | K32: 1198.2 | L32: 706.8 | M32: 1201.7 | N32: 63.91 | O32: 63.87 | P32: 63.75 | Q32: 63.96 | R32: =AVERAGE(N32:Q32) -> 63.8725 | S32: 11.61 | T32: =6.287*S32/R32 -> 1.1427777 | W32: 161 | X32: 91 | Y32: 44 | Z32: 15
A33: 144 | B33: 107.8 | C33: 43.95 | D33: 60.3 | E33: B | G33: 方案一90# | H33: 试件6（冻） | I33: =100*J33/(100-J33) -> 4.2 | J33: 4.0307102 | K33: 1210.9 | L33: 704.2 | M33: 1201.3 | N33: 64.17 | O33: 64.1 | P33: 64.02 | Q33: 64.16 | R33: =AVERAGE(N33:Q33) -> 64.1125 | S33: 10.19 | T33: =6.287*S33/R33 -> 0.99925178 | W33: 161 | X33: 91 | Y33: 44 | Z33: 15
A34: 144 | B34: 107.8 | C34: 43.95 | D34: 60.3 | E34: B | G34: 方案二90# | H34: 试件1（冻） | I34: =100*J34/(100-J34) -> 4.2 | J34: 4.0307102 | K34: 1201.5 | L34: 711.4 | M34: 1205.5 | N34: 63.28 | O34: 62.89 | P34: 63.94 | Q34: 62.41 | R34: =AVERAGE(N34:Q34) -> 63.13 | S34: 10.47 | T34: =6.287*S34/R34 -> 1.0426879 | U34: =V34/V35 -> 0.893392 | V34: =AVERAGE(T34,T36,T38) -> 1.0383571 | W34: 161 | X34: 91 | Y34: 44 | Z34: 15
A35: 144 | B35: 107.8 | C35: 43.95 | D35: 60.3 | E35: B | G35: 方案二90# | H35: 试件2 | I35: =100*J35/(100-J35) -> 4.2 | J35: 4.0307102 | K35: 1203.3 | L35: 712.9 | M35: 1207 | N35: 62.99 | O35: 63.51 | P35: 63.11 | Q35: 63.41 | R35: =AVERAGE(N35:Q35) -> 63.255 | S35: 13.09 | T35: =6.287*S35/R35 -> 1.3010328 | V35: =AVERAGE(T35,T37,T39) -> 1.1622637 | W35: 161 | X35: 91 | Y35: 44 | Z35: 15
A36: 144 | B36: 107.8 | C36: 43.95 | D36: 60.3 | E36: B | G36: 方案二90# | H36: 试件3（冻） | I36: =100*J36/(100-J36) -> 4.2 | J36: 4.0307102 | K36: 1199.5 | L36: 707.3 | M36: 1203.2 | N36: 63.92 | O36: 63.65 | P36: 63.84 | Q36: 63.49 | R36: =AVERAGE(N36:Q36) -> 63.725 | S36: 10.69 | T36: =6.287*S36/R36 -> 1.0546572 | W36: 161 | X36: 91 | Y36: 44 | Z36: 15
A37: 111 | B37: 124 | C37: 41.5 | D37: 56 | E37: B | G37: 方案二90# | H37: 试件4 | I37: =100*J37/(100-J37) -> 4.2 | J37: 4.0307102 | K37: 1202 | L37: 710.4 | M37: 1206.3 | N37: 63.15 | O37: 63.39 | P37: 62.98 | Q37: 63.26 | R37: =AVERAGE(N37:Q37) -> 63.195 | S37: 11.05 | T37: =6.287*S37/R37 -> 1.0993172 | W37: 161 | X37: 91 | Y37: 44 | Z37: 15
A38: 111 | B38: 124 | C38: 41.5 | D38: 56 | E38: B | G38: 方案二90# | H38: 试件5（冻） | I38: =100*J38/(100-J38) -> 4.2 | J38: 4.0307102 | K38: 1202.3 | L38: 711.5 | M38: 1206.7 | N38: 63.72 | O38: 63.66 | P38: 63.9 | Q38: 63.48 | R38: =AVERAGE(N38:Q38) -> 63.69 | S38: 10.31 | T38: =6.287*S38/R38 -> 1.017726 | W38: 161 | X38: 91 | Y38: 44 | Z38: 15
A39: 111 | B39: 124 | C39: 41.5 | D39: 56 | E39: B | G39: 方案二90# | H39: 试件6 | I39: =100*J39/(100-J39) -> 4.2 | J39: 4.0307102 | K39: 1201.7 | L39: 710.8 | M39: 1207 | N39: 63.73 | O39: 63.77 | P39: 63.44 | Q39: 63.91 | R39: =AVERAGE(N39:Q39) -> 63.7125 | S39: 11.01 | T39: =6.287*S39/R39 -> 1.086441 | W39: 161 | X39: 91 | Y39: 44 | Z39: 15
A40: 111 | B40: 124 | C40: 41.5 | D40: 56 | E40: B | G40: 方案三90# | H40: 试件1（冻） | I40: =100*J40/(100-J40) -> 4.2 | J40: 4.0307102 | K40: 1205.6 | L40: 708.7 | M40: 1209 | N40: 63.28 | O40: 62.89 | P40: 63.94 | Q40: 62.41 | R40: =AVERAGE(N40:Q40) -> 63.13 | S40: 11.02 | T40: =6.287*S40/R40 -> 1.0974614 | U40: =V40/V41 -> 0.88679137 | V40: =AVERAGE(T40,T42,T44) -> 1.0385234 | W40: 161 | X40: 91 | Y40: 44 | Z40: 15
A41: 111 | B41: 124 | C41: 41.5 | D41: 56 | E41: B | G41: 方案三90# | H41: 试件2 | I41: =100*J41/(100-J41) -> 4.2 | J41: 4.0307102 | K41: 1202.7 | L41: 706 | M41: 1206 | N41: 62.99 | O41: 63.51 | P41: 63.11 | Q41: 63.41 | R41: =AVERAGE(N41:Q41) -> 63.255 | S41: 12.04 | T41: =6.287*S41/R41 -> 1.1966719 | V41: =AVERAGE(T41,T43,T45) -> 1.1711023 | W41: 161 | X41: 91 | Y41: 44 | Z41: 15
A42: 161 | B42: 91 | C42: 44 | D42: 15 | E42: B | G42: 方案三90# | H42: 试件3（冻） | I42: =100*J42/(100-J42) -> 4.2 | J42: 4.0307102 | K42: 1198.6 | L42: 704.2 | M42: 1201.7 | N42: 63.92 | O42: 63.65 | P42: 63.84 | Q42: 63.49 | R42: =AVERAGE(N42:Q42) -> 63.725 | S42: 10.37 | T42: =6.287*S42/R42 -> 1.0230865 | W42: 161 | X42: 91 | Y42: 44 | Z42: 15
A43: 161 | B43: 91 | C43: 44 | D43: 15 | E43: B | G43: 方案三90# | H43: 试件4 | I43: =100*J43/(100-J43) -> 4.2 | J43: 4.0307102 | K43: 1200.6 | L43: 703.6 | M43: 1203.2 | N43: 63.15 | O43: 63.39 | P43: 62.98 | Q43: 63.26 | R43: =AVERAGE(N43:Q43) -> 63.195 | S43: 11.82 | T43: =6.287*S43/R43 -> 1.1759212 | W43: 161 | X43: 91 | Y43: 44 | Z43: 15
A44: 161 | B44: 91 | C44: 44 | D44: 15 | E44: B | G44: 方案三90# | H44: 试件5（冻） | I44: =100*J44/(100-J44) -> 4.2 | J44: 4.0307102 | K44: 1199.7 | L44: 704.7 | M44: 1204.3 | N44: 63.72 | O44: 63.66 | P44: 63.9 | Q44: 63.48 | R44: =AVERAGE(N44:Q44) -> 63.69 | S44: 10.08 | T44: =6.287*S44/R44 -> 0.99502214 | W44: 161 | X44: 91 | Y44: 44 | Z44: 15
A45: 161 | B45: 91 | C45: 44 | D45: 15 | E45: B | G45: 方案三90# | H45: 试件6 | I45: =100*J45/(100-J45) -> 4.2 | J45: 4.0307102 | K45: 1199.9 | L45: 705.1 | M45: 1204.3 | N45: 63.73 | O45: 63.77 | P45: 63.44 | Q45: 63.91 | R45: =AVERAGE(N45:Q45) -> 63.7125 | S45: 11.56 | T45: =6.287*S45/R45 -> 1.1407137 | W45: 161 | X45: 91 | Y45: 44 | Z45: 15
A46: 161 | B46: 91 | C46: 44 | D46: 15 | E46: B | G46: 方案五90# | H46: 试件1（冻） | I46: =100*J46/(100-J46) -> 4.2 | J46: 4.0307102 | K46: 1197.5 | L46: 702.2 | M46: 1200.5 | N46: 63.28 | O46: 62.89 | P46: 63.94 | Q46: 62.41 | R46: =AVERAGE(N46:Q46) -> 63.13 | S46: 10.92 | T46: =6.287*S46/R46 -> 1.0875026 | U46: =V46/V47 -> 0.88944139 | V46: =AVERAGE(T46,T48,T50) -> 1.0733659 | W46: 161 | X46: 91 | Y46: 44 | Z46: 15
A47: 161 | B47: 91 | C47: 44 | D47: 15 | E47: B | G47: 方案五90# | H47: 试件2 | I47: =100*J47/(100-J47) -> 4.2 | J47: 4.0307102 | K47: 1183.9 | L47: 696.5 | M47: 1188.5 | N47: 62.99 | O47: 63.51 | P47: 63.11 | Q47: 63.41 | R47: =AVERAGE(N47:Q47) -> 63.255 | S47: 12.08 | T47: =6.287*S47/R47 -> 1.2006475 | V47: =AVERAGE(T47,T49,T51) -> 1.2067866 | W47: 161 | X47: 91 | Y47: 44 | Z47: 15
A48: 161 | B48: 91 | C48: 44 | D48: 15 | E48: B | G48: 方案五90# | H48: 试件3（冻） | I48: =100*J48/(100-J48) -> 4.2 | J48: 4.0307102 | K48: 1181.1 | L48: 694.9 | M48: 1184.6 | N48: 63.92 | O48: 63.65 | P48: 63.84 | Q48: 63.49 | R48: =AVERAGE(N48:Q48) -> 63.725 | S48: 10.74 | T48: =6.287*S48/R48 -> 1.0595901 | W48: 161 | X48: 91 | Y48: 44 | Z48: 15
A49: 161 | B49: 91 | C49: 44 | D49: 15 | E49: B | G49: 方案五90# | H49: 试件4 | I49: =100*J49/(100-J49) -> 4.2 | J49: 4.0307102 | K49: 1182.1 | L49: 695.2 | M49: 1185.8 | N49: 63.15 | O49: 63.39 | P49: 62.98 | Q49: 63.26 | R49: =AVERAGE(N49:Q49) -> 63.195 | S49: 12.38 | T49: =6.287*S49/R49 -> 1.2316332 | W49: 161 | X49: 91 | Y49: 44 | Z49: 15
A50: 161 | B50: 91 | C50: 44 | D50: 15 | E50: B | G50: 方案五90# | H50: 试件5（冻） | I50: =100*J50/(100-J50) -> 4.2 | J50: 4.0307102 | K50: 1182.8 | L50: 693.5 | M50: 1185.8 | N50: 63.72 | O50: 63.66 | P50: 63.9 | Q50: 63.48 | R50: =AVERAGE(N50:Q50) -> 63.69 | S50: 10.87 | T50: =6.287*S50/R50 -> 1.073005 | W50: 161 | X50: 91 | Y50: 44 | Z50: 15
A51: 161 | B51: 91 | C51: 44 | D51: 15 | E51: B | G51: 方案五90# | H51: 试件6 | I51: =100*J51/(100-J51) -> 4.2 | J51: 4.0307102 | K51: 1180.3 | L51: 693.1 | M51: 1185.3 | N51: 63.73 | O51: 63.77 | P51: 63.44 | Q51: 63.91 | R51: =AVERAGE(N51:Q51) -> 63.7125 | S51: 12.04 | T51: =6.287*S51/R51 -> 1.1880789 | W51: 161 | X51: 91 | Y51: 44 | Z51: 15
A52: 161 | B52: 91 | C52: 44 | D52: 15 | E52: B | G52: 方案五90# | H52: 试件7（冻） | I52: =100*J52/(100-J52) -> 4.2 | J52: 4.0307102 | K52: 1179.9 | L52: 695 | M52: 1186.6 | N52: 63.73 | O52: 63.77 | P52: 63.44 | Q52: 63.91 | R52: =AVERAGE(N52:Q52) -> 63.7125 | S52: 10.6 | T52: =6.287*S52/R52 -> 1.0459831 | W52: 161 | X52: 91 | Y52: 44 | Z52: 15
A53: 161 | B53: 91 | C53: 44 | D53: 15 | E53: B | G53: 110# | H53: 试件1（冻） | I53: =100*J53/(100-J53) -> 4.2 | J53: 4.0307102 | K53: 1195.7 | L53: 707.3 | M53: 1198.5 | N53: 62.76 | O53: 62.91 | P53: 63.04 | Q53: 62.87 | R53: =AVERAGE(N53:Q53) -> 62.895 | S53: 10.44 | T53: =6.287*S53/R53 -> 1.043585 | U53: =V53/V54 -> 0.90742158 | V53: =AVERAGE(T53,T55,T57) -> 0.9678108 | W53: 144 | X53: 107.8 | Y53: 43.95 | Z53: 60.3
A54: 161 | B54: 91 | C54: 44 | D54: 15 | E54: B | G54: 110# | H54: 试件2 | I54: =100*J54/(100-J54) -> 4.2 | J54: 4.0307102 | K54: 1199.9 | L54: 712.9 | M54: 1202.8 | N54: 63.87 | O54: 63.57 | P54: 64.07 | Q54: 63.69 | R54: =AVERAGE(N54:Q54) -> 63.8 | S54: 10.35 | T54: =6.287*S54/R54 -> 1.019913 | V54: =AVERAGE(T54,T56,T58) -> 1.0665503 | W54: 144 | X54: 107.8 | Y54: 43.95 | Z54: 60.3
A55: 161 | B55: 91 | C55: 44 | D55: 15 | E55: B | G55: 110# | H55: 试件3（冻） | I55: =100*J55/(100-J55) -> 4.2 | J55: 4.0307102 | K55: 1197.9 | L55: 707.3 | M55: 1201.2 | N55: 63.41 | O55: 63.17 | P55: 63.25 | Q55: 63.28 | R55: =AVERAGE(N55:Q55) -> 63.2775 | S55: 9.23 | T55: =6.287*S55/R55 -> 0.91705598 | W55: 144 | X55: 107.8 | Y55: 43.95 | Z55: 60.3
A56: 161 | B56: 91 | C56: 44 | D56: 15 | E56: B | G56: 110# | H56: 试件4 | I56: =100*J56/(100-J56) -> 4.2 | J56: 4.0307102 | K56: 1201.8 | L56: 710.4 | M56: 1204.3 | N56: 63.34 | O56: 63.31 | P56: 63.79 | Q56: 63.36 | R56: =AVERAGE(N56:Q56) -> 63.45 | S56: 11 | T56: =6.287*S56/R56 -> 1.0899448 | W56: 144 | X56: 107.8 | Y56: 43.95 | Z56: 60.3
A57: 161 | B57: 91 | C57: 44 | D57: 15 | E57: B | G57: 110# | H57: 试件5（冻） | I57: =100*J57/(100-J57) -> 4.2 | J57: 4.0307102 | K57: 1198.6 | L57: 711.5 | M57: 1203.7 | N57: 63.81 | O57: 63.89 | P57: 63.61 | Q57: 63.96 | R57: =AVERAGE(N57:Q57) -> 63.8175 | S57: 9.57 | T57: =6.287*S57/R57 -> 0.9427914 | W57: 144 | X57: 107.8 | Y57: 43.95 | Z57: 60.3
A58: 161 | B58: 91 | C58: 44 | D58: 15 | E58: B | G58: 110# | H58: 试件6 | I58: =100*J58/(100-J58) -> 4.2 | J58: 4.0307102 | K58: 1195.9 | L58: 710.8 | M58: 1199.1 | N58: 62.72 | O58: 63.42 | P58: 63.22 | Q58: 62.86 | R58: =AVERAGE(N58:Q58) -> 63.055 | S58: 10.93 | T58: =6.287*S58/R58 -> 1.0897932 | W58: 144 | X58: 107.8 | Y58: 43.95 | Z58: 60.3
A59: 161 | B59: 91 | C59: 44 | D59: 15 | E59: B | G59: 130# | H59: 试件1（冻） | I59: =100*J59/(100-J59) -> 4.2 | J59: 4.0307102 | K59: 1204 | L59: 718.2 | M59: 1205.7 | N59: 62.2 | O59: 62.32 | P59: 62.34 | Q59: 62.44 | R59: =AVERAGE(N59:Q59) -> 62.325 | S59: 10.11 | T59: =6.287*S59/R59 -> 1.0198407 | U59: =V59/V60 -> 0.91909507 | V59: =AVERAGE(T59,T61,T63) -> 1.0691305 | W59: 111 | X59: 124 | Y59: 41.5 | Z59: 56
A60: 161 | B60: 91 | C60: 44 | D60: 15 | E60: B | G60: 130# | H60: 试件2 | I60: =100*J60/(100-J60) -> 4.2 | J60: 4.0307102 | K60: 1210.9 | L60: 721.2 | M60: 1212.8 | N60: 63.44 | O60: 63.44 | P60: 63.35 | Q60: 63.68 | R60: =AVERAGE(N60:Q60) -> 63.4775 | S60: 11.03 | T60: =6.287*S60/R60 -> 1.0924439 | V60: =AVERAGE(T60,T62,T64) -> 1.1632426 | W60: 111 | X60: 124 | Y60: 41.5 | Z60: 56
A61: 161 | B61: 91 | C61: 44 | D61: 15 | E61: B | G61: 130# | H61: 试件3（冻） | I61: =100*J61/(100-J61) -> 4.2 | J61: 4.0307102 | K61: 1214.3 | L61: 720.3 | M61: 1215.9 | N61: 63.43 | O61: 63.38 | P61: 63.68 | Q61: 63.51 | R61: =AVERAGE(N61:Q61) -> 63.5 | S61: 11.21 | T61: =6.287*S61/R61 -> 1.1098783 | W61: 111 | X61: 124 | Y61: 41.5 | Z61: 56
A62: 161 | B62: 91 | C62: 44 | D62: 15 | E62: B | G62: 130# | H62: 试件4 | I62: =100*J62/(100-J62) -> 4.2 | J62: 4.0307102 | K62: 1212.3 | L62: 724.4 | M62: 1213.7 | N62: 62.24 | O62: 61.85 | P62: 61.87 | Q62: 61.99 | R62: =AVERAGE(N62:Q62) -> 61.9875 | S62: 11.89 | T62: =6.287*S62/R62 -> 1.2059275 | W62: 111 | X62: 124 | Y62: 41.5 | Z62: 56
A63: 161 | B63: 91 | C63: 44 | D63: 15 | E63: B | G63: 130# | H63: 试件5（冻） | I63: =100*J63/(100-J63) -> 4.2 | J63: 4.0307102 | K63: 1218.3 | L63: 721.8 | M63: 1220.2 | N63: 63.9 | O63: 63.54 | P63: 63.52 | Q63: 63.63 | R63: =AVERAGE(N63:Q63) -> 63.6475 | S63: 10.91 | T63: =6.287*S63/R63 -> 1.0776727 | W63: 111 | X63: 124 | Y63: 41.5 | Z63: 56
A64: 161 | B64: 91 | C64: 44 | D64: 15 | E64: B | G64: 130# | H64: 试件6 | I64: =100*J64/(100-J64) -> 4.2 | J64: 4.0307102 | K64: 1219.1 | L64: 721.6 | M64: 1221.5 | N64: 63.4 | O64: 63.47 | P64: 63.71 | Q64: 63.78 | R64: =AVERAGE(N64:Q64) -> 63.59 | S64: 12.05 | T64: =6.287*S64/R64 -> 1.1913563 | W64: 111 | X64: 124 | Y64: 41.5 | Z64: 56
A65: 161 | B65: 91 | C65: 44 | D65: 15 | E65: B | G65: 90# | H65: 试件1 | I65: =100*J65/(100-J65) -> 4.2 | J65: 4.0307102 | K65: 1202.4 | L65: 714.6 | M65: 1205 | N65: 62.86 | O65: 62.37 | P65: 62.67 | Q65: 62.51 | R65: =AVERAGE(N65:Q65) -> 62.6025 | S65: 10.27 | T65: =6.287*S65/R65 -> 1.0313884 | U65: =V65/V66 -> 0.85377887 | V65: =AVERAGE(T65,T67,T69) -> 1.0322937 | W65: 161 | X65: 91 | Y65: 44 | Z65: 15
A66: 161 | B66: 91 | C66: 44 | D66: 15 | E66: B | G66: 90# | H66: 试件2（冻） | I66: =100*J66/(100-J66) -> 4.2 | J66: 4.0307102 | K66: 1208.4 | L66: 718.7 | M66: 1211.8 | N66: 63.08 | O66: 63.22 | P66: 62.96 | Q66: 63.33 | R66: =AVERAGE(N66:Q66) -> 63.1475 | S66: 11.43 | T66: =6.287*S66/R66 -> 1.1379771 | V66: =AVERAGE(T66,T68,T70) -> 1.2090879 | W66: 161 | X66: 91 | Y66: 44 | Z66: 15
A67: 258 | B67: 72 | C67: 47.6 | D67: 8.2 | E67: B | G67: 90# | H67: 试件3 | I67: =100*J67/(100-J67) -> 4.2 | J67: 4.0307102 | K67: 1207.7 | L67: 717.8 | M67: 1210.2 | N67: 63.31 | O67: 64.36 | P67: 63.31 | Q67: 63.41 | R67: =AVERAGE(N67:Q67) -> 63.5975 | S67: 10.88 | T67: =6.287*S67/R67 -> 1.0755542 | W67: 161 | X67: 91 | Y67: 44 | Z67: 15
A68: 258 | B68: 72 | C68: 47.6 | D68: 8.2 | E68: B | G68: 90# | H68: 试件4（冻） | I68: =100*J68/(100-J68) -> 4.2 | J68: 4.0307102 | K68: 1198.4 | L68: 709.2 | M68: 1200.6 | N68: 62.14 | O68: 62.27 | P68: 62.5 | Q68: 61.91 | R68: =AVERAGE(N68:Q68) -> 62.205 | S68: 12.64 | T68: =6.287*S68/R68 -> 1.2775127 | W68: 161 | X68: 91 | Y68: 44 | Z68: 15
A69: 258 | B69: 72 | C69: 47.6 | D69: 8.2 | E69: B | G69: 90# | H69: 试件5 | I69: =100*J69/(100-J69) -> 4.2 | J69: 4.0307102 | K69: 1209.8 | L69: 717 | M69: 1212.8 | N69: 63.49 | O69: 63.66 | P69: 63.76 | Q69: 63.38 | R69: =AVERAGE(N69:Q69) -> 63.5725 | S69: 10.01 | T69: =6.287*S69/R69 -> 0.98993857 | W69: 161 | X69: 91 | Y69: 44 | Z69: 15
A70: 258 | B70: 72 | C70: 47.6 | D70: 8.2 | E70: B | G70: 90# | H70: 试件6（冻） | I70: =100*J70/(100-J70) -> 4.2 | J70: 4.0307102 | K70: 1209.7 | L70: 715.5 | M70: 1212.6 | N70: 63.67 | O70: 64 | P70: 63.84 | Q70: 63.96 | R70: =AVERAGE(N70:Q70) -> 63.8675 | S70: 12.31 | T70: =6.287*S70/R70 -> 1.2117739 | W70: 161 | X70: 91 | Y70: 44 | Z70: 15
A71: 258 | B71: 72 | C71: 47.6 | D71: 8.2 | E71: C | F71: AC-20 | G71: 90# | H71: 试件1 | I71: =100*J71/(100-J71) -> 4.2 | J71: 4.0307102 | K71: / | L71: / | M71: / | N71: 63.05 | O71: 63.05 | P71: 63.46 | Q71: 63.65 | R71: 63.3025 | S71: 14.39 | T71: =6.287*S71/R71 -> 1.4291684 | U71: =V72/V71 -> 0.89706854 | V71: =AVERAGE(T71,T73,T75) -> 1.3522 | W71: 161 | X71: 91 | Y71: 44 | Z71: 15
A72: 161 | B72: 91 | C72: 44 | D72: 15 | E72: C | G72: 90# | H72: 试件2（冻） | I72: =100*J72/(100-J72) -> 4.2 | J72: 4.0307102 | K72: / | L72: / | M72: / | N72: 62.85 | O72: 62.85 | P72: 63.08 | Q72: 63.08 | R72: 62.965 | S72: 12.8 | T72: =6.287*S72/R72 -> 1.2780688 | V72: =AVERAGE(T72,T74,T76) -> 1.213016 | W72: 161 | X72: 91 | Y72: 44 | Z72: 15
A73: 161 | B73: 91 | C73: 44 | D73: 15 | E73: C | G73: 90# | H73: 试件3 | I73: =100*J73/(100-J73) -> 4.2 | J73: 4.0307102 | K73: / | L73: / | M73: / | N73: 63.78 | O73: 63.91 | P73: 63.97 | Q73: 63.93 | R73: 63.8975 | S73: 13.4 | T73: =6.287*S73/R73 -> 1.3184522 | W73: 161 | X73: 91 | Y73: 44 | Z73: 15
A74: 161 | B74: 91 | C74: 44 | D74: 15 | E74: C | G74: 90# | H74: 试件4（冻） | I74: =100*J74/(100-J74) -> 4.2 | J74: 4.0307102 | K74: / | L74: / | M74: / | N74: 64.27 | O74: 64.07 | P74: 64.23 | Q74: 64.35 | R74: 64.23 | S74: 12.19 | T74: =6.287*S74/R74 -> 1.193189 | W74: 161 | X74: 91 | Y74: 44 | Z74: 15
A75: 161 | B75: 91 | C75: 44 | D75: 15 | E75: C | G75: 90# | H75: 试件5 | I75: =100*J75/(100-J75) -> 4.2 | J75: 4.0307102 | K75: / | L75: / | M75: / | N75: 63.37 | O75: 63.53 | P75: 64.11 | Q75: 63.74 | R75: 63.6875 | S75: 13.26 | T75: =6.287*S75/R75 -> 1.3089793 | W75: 161 | X75: 91 | Y75: 44 | Z75: 15
A76: 161 | B76: 91 | C76: 44 | D76: 15 | E76: C | G76: 90# | H76: 试件6（冻） | I76: =100*J76/(100-J76) -> 4.2 | J76: 4.0307102 | K76: / | L76: / | M76: / | N76: 63.55 | O76: 63.63 | P76: 63.64 | Q76: 63.72 | R76: 63.635 | S76: 11.82 | T76: =6.287*S76/R76 -> 1.1677904 | W76: 161 | X76: 91 | Y76: 44 | Z76: 15
A77: 161 | B77: 91 | C77: 44 | D77: 15 | E77: D | F77: AC-20 | G77: 90#-1 | H77: 试件1 | I77: =100*J77/(100-J77) -> 4.4 | J77: 4.2145594 | K77: / | L77: / | M77: / | N77: 62.71 | O77: 62.89 | P77: 62.94 | Q77: 62.57 | R77: 62.7775 | S77: 10.73 | T77: 1.074581 | U77: =V77/V78 -> 0.89056336 | V77: =AVERAGE(T79,T78,T81,T82) -> 0.91996344 | W77: 161 | X77: 91 | Y77: 44 | Z77: 15
A78: 161 | B78: 91 | C78: 44 | D78: 15 | E78: D | G78: 90#-1 | H78: 试件2（冻） | I78: =100*J78/(100-J78) -> 4.4 | J78: 4.2145594 | K78: / | L78: / | M78: / | N78: 63.26 | O78: 63.03 | P78: 63.03 | Q78: 63.34 | R78: 63.165 | S78: 9.65 | T78: 0.96049315 | V78: =AVERAGE(T77,T80,T83) -> 1.0330129 | W78: 161 | X78: 91 | Y78: 44 | Z78: 15
A79: 161 | B79: 91 | C79: 44 | D79: 15 | E79: D | G79: 90#-1 | H79: 试件3（冻） | I79: =100*J79/(100-J79) -> 4.4 | J79: 4.2145594 | K79: / | L79: / | M79: / | N79: 64.21 | O79: 63.92 | P79: 63.95 | Q79: 63.99 | R79: 64.0175 | S79: 9.55 | T79: 0.93788183 | W79: 161 | X79: 91 | Y79: 44 | Z79: 15
A80: 161 | B80: 91 | C80: 44 | D80: 15 | E80: D | G80: 90#-1 | H80: 试件4 | I80: =100*J80/(100-J80) -> 4.4 | J80: 4.2145594 | K80: / | L80: / | M80: / | N80: 63.89 | O80: 63.61 | P80: 63.53 | Q80: 63.88 | R80: 63.7275 | S80: 10.86 | T80: 1.0713871 | W80: 161 | X80: 91 | Y80: 44 | Z80: 15
A81: 161 | B81: 91 | C81: 44 | D81: 15 | E81: D | G81: 90#-1 | H81: 试件5（冻） | I81: =100*J81/(100-J81) -> 4.4 | J81: 4.2145594 | K81: / | L81: / | M81: / | N81: 62.98 | O81: 63.5 | P81: 63.49 | Q81: 63.37 | R81: 63.335 | S81: 9.21 | T81: 0.9142381 | W81: 161 | X81: 91 | Y81: 44 | Z81: 15
A82: 161 | B82: 91 | C82: 44 | D82: 15 | E82: D | G82: 90#-1 | H82: 试件6（冻） | I82: =100*J82/(100-J82) -> 4.4 | J82: 4.2145594 | K82: / | L82: / | M82: / | N82: 63.36 | O82: 63.63 | P82: 63.64 | Q82: 63.39 | R82: 63.505 | S82: 8.76 | T82: 0.86724069 | W82: 161 | X82: 91 | Y82: 44 | Z82: 15
A83: 161 | B83: 91 | C83: 44 | D83: 15 | E83: D | G83: 90#-1 | H83: 试件7 | I83: =100*J83/(100-J83) -> 4.4 | J83: 4.2145594 | K83: / | L83: / | M83: / | N83: 63.3 | O83: 63.49 | P83: 63.78 | Q83: 63.53 | R83: 63.525 | S83: 9.63 | T83: 0.9530706 | W83: 161 | X83: 91 | Y83: 44 | Z83: 15
A84: 161 | B84: 91 | C84: 44 | D84: 15 | E84: D | G84: 90# | H84: 试件1 | I84: =100*J84/(100-J84) -> 4.4 | J84: 4.2145594 | K84: / | L84: / | M84: / | N84: 63.86 | O84: 63.56 | P84: 63.8 | Q84: 63.89 | R84: =AVERAGE(N84:Q84) -> 63.7775 | S84: 10.27 | T84: =6.287*S84/Q84 -> 1.010604 | U84: =V84/V85 -> 0.87726965 | V84: =AVERAGE(T87,T85,T88,T89) -> 0.96676993 | W84: 161 | X84: 91 | Y84: 44 | Z84: 15
A85: 161 | B85: 91 | C85: 44 | D85: 15 | E85: D | G85: 90# | H85: 试件2（冻） | I85: =100*J85/(100-J85) -> 4.4 | J85: 4.2145594 | K85: / | L85: / | M85: / | N85: 63.32 | O85: 63.29 | P85: 63.34 | Q85: 63.42 | R85: =AVERAGE(N85:Q85) -> 63.3425 | S85: 9.34 | T85: =6.287*S85/Q85 -> 0.92590003 | V85: =AVERAGE(T84,T86,T90) -> 1.1020214 | W85: 161 | X85: 91 | Y85: 44 | Z85: 15
A86: 161 | B86: 91 | C86: 44 | D86: 15 | E86: D | G86: 90# | H86: 试件3 | I86: =100*J86/(100-J86) -> 4.4 | J86: 4.2145594 | K86: / | L86: / | M86: / | N86: 63.89 | O86: 63.49 | P86: 63.4 | Q86: 63.53 | R86: =AVERAGE(N86:Q86) -> 63.5775 | S86: 9.97 | T86: =6.287*S86/Q86 -> 0.98664237 | W86: 161 | X86: 91 | Y86: 44 | Z86: 15
A87: 161 | B87: 91 | C87: 44 | D87: 15 | E87: D | G87: 90# | H87: 试件4（冻） | I87: =100*J87/(100-J87) -> 4.4 | J87: 4.2145594 | K87: / | L87: / | M87: / | N87: 63.66 | O87: 63.75 | P87: 63.69 | Q87: 63.51 | R87: =AVERAGE(N87:Q87) -> 63.6525 | S87: 9.67 | T87: =6.287*S87/Q87 -> 0.95725539 | W87: 161 | X87: 91 | Y87: 44 | Z87: 15
A88: 161 | B88: 91 | C88: 44 | D88: 15 | E88: D | G88: 90# | H88: 试件5（冻） | I88: =100*J88/(100-J88) -> 4.4 | J88: 4.2145594 | K88: / | L88: / | M88: / | N88: 63.82 | O88: 63.62 | P88: 63.37 | Q88: 63.48 | R88: =AVERAGE(N88:Q88) -> 63.5725 | S88: 9.78 | T88: =6.287*S88/Q88 -> 0.96860208 | W88: 161 | X88: 91 | Y88: 44 | Z88: 15
A89: 161 | B89: 91 | C89: 44 | D89: 15 | E89: D | G89: 90# | H89: 试件6（冻） | I89: =100*J89/(100-J89) -> 4.4 | J89: 4.2145594 | K89: / | L89: / | M89: / | N89: 64.28 | O89: 64.36 | P89: 64.25 | Q89: 64.46 | R89: =AVERAGE(N89:Q89) -> 64.3375 | S89: 10.41 | T89: =6.287*S89/Q89 -> 1.0153222 | W89: 161 | X89: 91 | Y89: 44 | Z89: 15
A90: 161 | B90: 91 | C90: 44 | D90: 15 | E90: D | G90: 90# | H90: 试件7 | I90: =100*J90/(100-J90) -> 4.4 | J90: 4.2145594 | K90: / | L90: / | M90: / | N90: 64.63 | O90: 64.37 | P90: 64.6 | Q90: 64.56 | R90: =AVERAGE(N90:Q90) -> 64.54 | S90: 13.44 | T90: =6.287*S90/Q90 -> 1.3088178 | W90: 161 | X90: 91 | Y90: 44 | Z90: 15
A91: 161 | B91: 91 | C91: 44 | D91: 15 | E91: D | G91: 90#对比 | H91: 试件1（冻） | I91: =100*J91/(100-J91) -> 4.4 | J91: 4.2145594 | K91: / | L91: / | M91: / | N91: 62.71 | O91: 62.89 | P91: 62.94 | Q91: 62.57 | R91: =AVERAGE(N91:Q91) -> 62.7775 | S91: 10.73 | T91: =6.287*S91/R91 -> 1.074581 | U91: =V91/V92 -> 0.95326737 | V91: =AVERAGE(T91,T93,T95,T96) -> 0.94848541 | W91: 161 | X91: 91 | Y91: 44 | Z91: 15
A92: 162 | B92: 92 | C92: 45 | D92: 16 | E92: D | G92: 90#对比 | H92: 试件2 | I92: =100*J92/(100-J92) -> 4.4 | J92: 4.2145594 | K92: / | L92: / | M92: / | N92: 63.26 | O92: 63.03 | P92: 63.03 | Q92: 63.34 | R92: =AVERAGE(N92:Q92) -> 63.165 | S92: 9.65 | T92: =6.287*S92/R92 -> 0.96049315 | V92: =AVERAGE(T92,T94,T97) -> 0.99498361 | W92: 161 | X92: 91 | Y92: 44 | Z92: 15
A93: 163 | B93: 93 | C93: 46 | D93: 17 | E93: D | G93: 90#对比 | H93: 试件3（冻） | I93: =100*J93/(100-J93) -> 4.4 | J93: 4.2145594 | K93: / | L93: / | M93: / | N93: 64.21 | O93: 63.92 | P93: 63.95 | Q93: 63.99 | R93: =AVERAGE(N93:Q93) -> 64.0175 | S93: 9.55 | T93: =6.287*S93/R93 -> 0.93788183 | W93: 161 | X93: 91 | Y93: 44 | Z93: 15
A94: 164 | B94: 94 | C94: 47 | D94: 18 | E94: D | G94: 90#对比 | H94: 试件4 | I94: =100*J94/(100-J94) -> 4.4 | J94: 4.2145594 | K94: / | L94: / | M94: / | N94: 63.89 | O94: 63.61 | P94: 63.53 | Q94: 63.88 | R94: =AVERAGE(N94:Q94) -> 63.7275 | S94: 10.86 | T94: =6.287*S94/R94 -> 1.0713871 | W94: 161 | X94: 91 | Y94: 44 | Z94: 15
A95: 165 | B95: 95 | C95: 48 | D95: 19 | E95: D | G95: 90#对比 | H95: 试件5（冻） | I95: =100*J95/(100-J95) -> 4.4 | J95: 4.2145594 | K95: / | L95: / | M95: / | N95: 62.98 | O95: 63.5 | P95: 63.49 | Q95: 63.37 | R95: =AVERAGE(N95:Q95) -> 63.335 | S95: 9.21 | T95: =6.287*S95/R95 -> 0.9142381 | W95: 161 | X95: 91 | Y95: 44 | Z95: 15
A96: 166 | B96: 96 | C96: 49 | D96: 20 | E96: D | G96: 90#对比 | H96: 试件6（冻） | I96: =100*J96/(100-J96) -> 4.4 | J96: 4.2145594 | K96: / | L96: / | M96: / | N96: 63.36 | O96: 63.63 | P96: 63.64 | Q96: 63.39 | R96: =AVERAGE(N96:Q96) -> 63.505 | S96: 8.76 | T96: =6.287*S96/R96 -> 0.86724069 | W96: 161 | X96: 91 | Y96: 44 | Z96: 15
A97: 167 | B97: 97 | C97: 50 | D97: 21 | E97: D | G97: 90#对比 | H97: 试件7 | I97: =100*J97/(100-J97) -> 4.4 | J97: 4.2145594 | K97: / | L97: / | M97: / | N97: 63.3 | O97: 63.49 | P97: 63.78 | Q97: 63.53 | R97: =AVERAGE(N97:Q97) -> 63.525 | S97: 9.63 | T97: =6.287*S97/R97 -> 0.9530706 | W97: 161 | X97: 91 | Y97: 44 | Z97: 15
A98: 168 | B98: 98 | C98: 51 | D98: 22 | E98: D | G98: 70# | H98: 试件1（冻） | I98: =100*J98/(100-J98) -> 4.4 | J98: 4.2145594 | K98: 1233.5 | L98: 732.1 | M98: 1237.6 | N98: 64.78 | O98: 64.95 | P98: 64.9 | Q98: 64.71 | R98: 64.835 | S98: 10.92 | T98: =6.287*S98/R98 -> 1.058904 | U98: =V98/V99 -> 0.9380607 | V98: =AVERAGE(T98,T99,T101,T103) -> 1.0342076 | W98: 258 | X98: 72 | Y98: 47.6 | Z98: 8.2
A99: 169 | B99: 99 | C99: 52 | D99: 23 | E99: D | G99: 70# | H99: 试件2（冻） | I99: =100*J99/(100-J99) -> 4.4 | J99: 4.2145594 | K99: 1200.9 | L99: 709.1 | M99: 1205.4 | N99: 63.05 | O99: 62.86 | P99: 62.98 | Q99: 63.22 | R99: 63.0275 | S99: 10.72 | T99: =6.287*S99/R99 -> 1.0693212 | V99: =AVERAGE(T100,T102,T104) -> 1.1024954 | W99: 258 | X99: 72 | Y99: 47.6 | Z99: 8.2
A100: 170 | B100: 100 | C100: 53 | D100: 24 | E100: D | G100: 70# | H100: 试件3 | I100: =100*J100/(100-J100) -> 4.4 | J100: 4.2145594 | K100: 1221 | L100: 715.3 | M100: 1214.4 | N100: 63.8 | O100: 63.9 | P100: 63.8 | Q100: 64.16 | R100: 63.915 | S100: 11.76 | T100: =6.287*S100/R100 -> 1.1567726 | W100: 258 | X100: 72 | Y100: 47.6 | Z100: 8.2
...

Sheet 高温车辙
A1: 60℃动力粘度 | B1: 针入度 | C1: 软化点 | D1: 残留延度(10℃) | E1: 试件来源 | F1: 级配类型 | G1: 试件类型 | H1: 试件名称 | I1: 油石比/% | J1: 沥青用量/% | K1: 高温性能 | L1: 60℃动力粘度 | M1: 针入度 | N1: 软化点 | O1: 残留延度(10℃)
K2: 动稳定度/（次/mm）
A3: 161 | B3: 91 | C3: 44 | D3: 15 | E3: A | F3: 90# AC-20-1 | G3: 90# | H3: 90# | I3: =100*J3/(100-J3) -> 4.3 | J3: 4.1227229 | K3: 5445 | L3: 161 | M3: 91 | N3: 44 | O3: 15
A4: 161 | B4: 91 | C4: 44 | D4: 15 | E4: A | G4: 90#1 | H4: 90#1 | I4: =100*J4/(100-J4) -> 4.3 | J4: 4.1227229 | K4: 4458 | L4: 161 | M4: 91 | N4: 44 | O4: 15
A5: 161 | B5: 91 | C5: 44 | D5: 15 | E5: A | F5: 90# AC-20-2 | G5: 90#对比 | H5: 90#对比 | I5: =100*J5/(100-J5) -> 4.3 | J5: 4.1227229 | K5: 5887 | L5: 161 | M5: 91 | N5: 44 | O5: 15
A6: 161 | B6: 91 | C6: 44 | D6: 15 | E6: B | F6: AC-20 | G6: 90#沥青方案 | H6: 90#沥青方案一 | I6: =100*J6/(100-J6) -> 4.2 | J6: 4.0307102 | K6: 5052 | L6: 161 | M6: 91 | N6: 44 | O6: 15
A7: 161 | B7: 91 | C7: 44 | D7: 15 | E7: B | G7: 90#沥青方案 | H7: 90#沥青方案二 | I7: =100*J7/(100-J7) -> 4.2 | J7: 4.0307102 | K7: 4323 | L7: 161 | M7: 91 | N7: 44 | O7: 15
A8: 161 | B8: 91 | C8: 44 | D8: 15 | E8: B | G8: 90#沥青方案 | H8: 90#沥青方案三 | I8: =100*J8/(100-J8) -> 4.2 | J8: 4.0307102 | K8: 5040 | L8: 161 | M8: 91 | N8: 44 | O8: 15
A9: 161 | B9: 91 | C9: 44 | D9: 15 | E9: B | G9: 90#沥青方案 | H9: 90#沥青方案五 | I9: =100*J9/(100-J9) -> 4.2 | J9: 4.0307102 | K9: 5150 | L9: 161 | M9: 91 | N9: 44 | O9: 15
A10: 161 | B10: 91 | C10: 44 | D10: 15 | E10: B | G10: 110#沥青 | H10: 110#沥青 | I10: =100*J10/(100-J10) -> 4.2 | J10: 4.0307102 | K10: 4375 | L10: 144 | M10: 107.8 | N10: 43.95 | O10: 60.3
A11: 161 | B11: 91 | C11: 44 | D11: 15 | E11: B | G11: 130#沥青 | H11: 130#沥青 | I11: =100*J11/(100-J11) -> 4.2 | J11: 4.0307102 | K11: 2666 | L11: 111 | M11: 124 | N11: 41.5 | O11: 56
A12: 161 | B12: 91 | C12: 44 | D12: 15 | E12: B | G12: 90# | H12: 90# | I12: =100*J12/(100-J12) -> 4.2 | J12: 4.0307102 | K12: 4761 | L12: 161 | M12: 91 | N12: 44 | O12: 15
A13: 161 | B13: 91 | C13: 44 | D13: 15 | E13: C | F13: AC-20 | G13: 90# | H13: 90# | I13: =100*J13/(100-J13) -> 4.2 | J13: 4.0307102 | K13: 4846 | L13: 161 | M13: 91 | N13: 44 | O13: 15
A14: 161 | B14: 91 | C14: 44 | D14: 15 | E14: D | F14: AC-20 | G14: 90#沥青 | H14: 90#沥青 | I14: =100*J14/(100-J14) -> 4.4 | J14: 4.2145594 | K14: 5464 | L14: 161 | M14: 91 | N14: 44 | O14: 15
A15: 161 | B15: 91 | C15: 44 | D15: 15 | E15: D | G15: 90#调和 | H15: 90#调和 | I15: =100*J15/(100-J15) -> 4.4 | J15: 4.2145594 | K15: 5640 | L15: 161 | M15: 91 | N15: 44 | O15: 15
A16: 161 | B16: 91 | C16: 44 | D16: 15 | E16: D | G16: 90# | H16: 90# | I16: =100*J16/(100-J16) -> 4.4 | J16: 4.2145594 | K16: 4677 | L16: 161 | M16: 91 | N16: 44 | O16: 15
A17: 161 | B17: 91 | C17: 44 | D17: 15 | E17: D | G17: 70#沥青 | H17: 70#沥青 | I17: =100*J17/(100-J17) -> 4.4 | J17: 4.2145594 | K17: 5325 | L17: 258 | M17: 72 | N17: 47.6 | O17: 8.2
A18: 161 | B18: 91 | C18: 44 | D18: 15 | E18: D | G18: 90#对比样 | H18: 90#对比样 | I18: =100*J18/(100-J18) -> 4.4 | J18: 4.2145594 | K18: 3841 | L18: 161 | M18: 91 | N18: 44 | O18: 15
A19: 161 | B19: 91 | C19: 44 | D19: 15 | E19: E | F19: AC-20 | G19: 90#方案一 | H19: 90#方案一 | I19: =100*J19/(100-J19) -> 4.5041279 | J19: 4.31 | K19: 1222 | L19: 161 | M19: 91 | N19: 44 | O19: 15
A20: 161 | B20: 91 | C20: 44 | D20: 15 | E20: E | G20: 90#方案二 | H20: 90#方案二 | I20: =100*J20/(100-J20) -> 4.5041279 | J20: 4.31 | K20: 1318 | L20: 161 | M20: 91 | N20: 44 | O20: 15
A21: 161 | B21: 91 | C21: 44 | D21: 15 | E21: E | G21: 90#方案三 | H21: 90#方案三 | I21: =100*J21/(100-J21) -> 4.5041279 | J21: 4.31 | K21: 1629 | L21: 161 | M21: 91 | N21: 44 | O21: 15
A22: 161 | B22: 91 | C22: 44 | D22: 15 | E22: E | G22: 直馏90#改性I-C | H22: 直馏90#改性I-C | I22: =100*J22/(100-J22) -> 4.5041279 | J22: 4.31 | K22: 7809 | L22: 161 | M22: 91 | N22: 44 | O22: 15
A23: 161 | B23: 91 | C23: 44 | D23: 15 | E23: E | G23: 调和II改性I-C | H23: 调和II改性I-C | I23: =100*J23/(100-J23) -> 4.5041279 | J23: 4.31 | K23: 6022 | L23: 162 | M23: 92 | N23: 45 | O23: 16
A24: 161 | B24: 91 | C24: 44 | D24: 15 | E24: E | G24: 调和I改性I-C | H24: 调和I改性I-C | I24: =100*J24/(100-J24) -> 4.5041279 | J24: 4.31 | K24: 6659 | L24: 163 | M24: 93 | N24: 46 | O24: 17
A25: 161 | B25: 91 | C25: 44 | D25: 15 | E25: F | F25: AC-20-90# | G25: 90# | H25: 90# | I25: =100*J25/(100-J25) -> 4 | J25: 3.8461538 | K25: 5597 | L25: 161 | M25: 91 | N25: 44 | O25: 15
A26: 161 | B26: 91 | C26: 44 | D26: 15 | E26: F | F26: AC-20-110# | G26: 110# | H26: 110# | I26: =100*J26/(100-J26) -> 4.2 | J26: 4.0307102 | K26: 4858 | L26: 144 | M26: 107.8 | N26: 43.95 | O26: 60.3
A27: 161 | B27: 91 | C27: 44 | D27: 15 | E27: F | F27: AC-20-130# | G27: 130# | H27: 130# | I27: =100*J27/(100-J27) -> 4.2 | J27: 4.0307102 | K27: 4394 | L27: 111 | M27: 124 | N27: 41.5 | O27: 56
A28: 161 | B28: 91 | C28: 44 | D28: 15 | E28: G | F28: AC-20-2 | G28: 90#-40% | H28: 90#-40% | I28: =100*J28/(100-J28) -> 4.2 | J28: 4.0307102 | K28: 4147 | L28: 161 | M28: 91 | N28: 44 | O28: 15
A29: 161 | B29: 91 | C29: 44 | D29: 15 | E29: G | F29: AC-20-1 | G29: 90#-50% | H29: 90#-50% | I29: =100*J29/(100-J29) -> 4.2 | J29: 4.0307102 | K29: 5394 | L29: 162 | M29: 92 | N29: 45 | O29: 16
A30: 161 | B30: 91 | C30: 44 | D30: 15 | E30: B-2 | F30: AC-10 | G30: 90# | H30: AC-10 | I30: =100*J30/(100-J30) -> 6.2557718 | J30: 5.8874654 | K30: 6846 | L30: 161 | M30: 91 | N30: 44 | O30: 15
A31: 161 | B31: 91 | C31: 44 | D31: 15 | E31: H | F31: AC-13-90# | G31: 90# | H31: 试件1 | I31: 4.8 | J31: 4.5801527 | K31: 10500 | L31: 161 | M31: 91 | N31: 44 | O31: 15
A32: 161 | B32: 91 | C32: 44 | D32: 15 | E32: H | G32: 90# | H32: 试件2 | I32: 4.8 | J32: 4.5801527 | K32: 8630 | L32: 161 | M32: 91 | N32: 44 | O32: 15
A33: 161 | B33: 91 | C33: 44 | D33: 15 | E33: H | F33: AC-13-110# | G33: 110# | H33: 试件1 | I33: 4.8 | J33: 4.5801527 | K33: 5040 | L33: 144 | M33: 107.8 | N33: 43.95 | O33: 60.3
A34: 161 | B34: 91 | C34: 44 | D34: 15 | E34: H | G34: 110# | H34: 试件2 | I34: 4.8 | J34: 4.5801527 | K34: 6848 | L34: 144 | M34: 107.8 | N34: 43.95 | O34: 60.3
A35: 161 | B35: 91 | C35: 44 | D35: 15 | E35: H | F35: AC-13-130# | G35: 130# | H35: 试件1 | I35: 4.8 | J35: 4.5801527 | K35: 5000 | L35: 111 | M35: 124 | N35: 41.5 | O35: 56
A36: 161 | B36: 91 | C36: 44 | D36: 15 | E36: I | F36: AC-20-110# | G36: 110# | H36: 110# | I36: 4.2 | J36: 4.0307102 | K36: 6575 | L36: 144 | M36: 107.8 | N36: 43.95 | O36: 60.3
A37: 161 | B37: 91 | C37: 44 | D37: 15 | E37: I | G37: 110#-1 | H37: 110#-1 | I37: 4.2 | J37: 4.0307102 | K37: 5679 | L37: 144 | M37: 107.8 | N37: 43.95 | O37: 60.3
A38: 161 | B38: 91 | C38: 44 | D38: 15 | E38: I | G38: 110#-2 | H38: 110#-2 | I38: 4.2 | J38: 4.0307102 | K38: 7555 | L38: 144 | M38: 107.8 | N38: 43.95 | O38: 60.3
A39: 161 | B39: 91 | C39: 44 | D39: 15 | E39: J | F39: AC-13 | G39: 90# | H39: 90# | I39: 4.8 | J39: 4.5801527 | K39: 5471 | L39: 161 | M39: 91 | N39: 44 | O39: 15
A40: 161 | B40: 91 | C40: 44 | D40: 15 | E40: K | F40: AC-13 | G40: 90# | H40: 试件1 | I40: 4.8 | J40: 4.5801527 | K40: 5727 | L40: 161 | M40: 91 | N40: 44 | O40: 15
A41: 161 | B41: 91 | C41: 44 | D41: 15 | E41: K | G41: 90# | H41: 试件2 | I41: 4.8 | J41: 4.5801527 | K41: 7500 | L41: 161 | M41: 91 | N41: 44 | O41: 15
A42: 161 | B42: 91 | C42: 44 | D42: 15 | E42: K | G42: 90# | H42: 试件3 | I42: 4.8 | J42: 4.5801527 | K42: 6614 | L42: 161 | M42: 91 | N42: 44 | O42: 15
A43: 161 | B43: 91 | C43: 44 | D43: 15 | E43: L | F43: AC-13 | G43: 90# | H43: 试件1 | I43: 4.9 | J43: 4.6711153 | K43: 5676 | L43: 161 | M43: 91 | N43: 44 | O43: 15
A44: 161 | B44: 91 | C44: 44 | D44: 15 | E44: L | G44: 90# | H44: 试件2 | I44: 4.9 | J44: 4.6711153 | K44: 4737 | L44: 161 | M44: 91 | N44: 44 | O44: 15
A45: 161 | B45: 91 | C45: 44 | D45: 15 | E45: L | G45: 90# | H45: 试件3 | I45: 4.9 | J45: 4.6711153 | K45: 5206 | L45: 161 | M45: 91 | N45: 44 | O45: 15
A46: 161 | B46: 91 | C46: 44 | D46: 15 | E46: M | F46: AC-13 | G46: 90# | H46: 试件1 | I46: 4.8 | J46: 4.5801527 | K46: 7778 | L46: 161 | M46: 91 | N46: 44 | O46: 15
A47: 161 | B47: 91 | C47: 44 | D47: 15 | E47: M | G47: 90# | H47: 试件2 | I47: 4.8 | J47: 4.5801527 | K47: 7778 | L47: 161 | M47: 91 | N47: 44 | O47: 15
A48: 161 | B48: 91 | C48: 44 | D48: 15 | E48: N | F48: AC-20 | G48: 90# | H48: 试件1 | I48: 4.6 | J48: 4.3977055 | K48: 5431 | L48: 161 | M48: 91 | N48: 44 | O48: 15
A49: 161 | B49: 91 | C49: 44 | D49: 15 | E49: N | G49: 90# | H49: 试件2 | I49: 4.6 | J49: 4.3977055 | K49: 5526 | L49: 161 | M49: 91 | N49: 44 | O49: 15
A50: 161 | B50: 91 | C50: 44 | D50: 15 | E50: O | F50: AC-13-2 | G50: 90# | H50: 试件1 | I50: 4.9 | J50: 4.6711153 | K50: 7500 | L50: 161 | M50: 91 | N50: 44 | O50: 15
A51: 161 | B51: 91 | C51: 44 | D51: 15 | E51: O | G51: 90# | H51: 试件2 | I51: 4.9 | J51: 4.6711153 | K51: 8077 | L51: 161 | M51: 91 | N51: 44 | O51: 15
A52: 161 | B52: 91 | C52: 44 | D52: 15 | E52: P | F52: AC-13 | G52: 90# | H52: 90# | I52: 4.8 | J52: 4.5801527 | K52: 6116 | L52: 161 | M52: 91 | N52: 44 | O52: 15
A53: 144 | B53: 107.8 | C53: 43.95 | D53: 60.3 | E53: Q | F53: AC-13 | G53: 90# | H53: 90# | I53: 4.8 | J53: 4.5801527 | K53: 7875 | L53: 161 | M53: 91 | N53: 44 | O53: 15
A54: 144 | B54: 107.8 | C54: 43.95 | D54: 60.3 | E54: M-1 | F54: AC-13-3 | G54: 90# | H54: 试件1 | I54: 4.9 | J54: 4.6711153 | K54: 6972 | L54: 161 | M54: 91 | N54: 44 | O54: 15
A55: 144 | B55: 107.8 | C55: 43.95 | D55: 60.3 | E55: M-1 | G55: 90# | H55: 试件2 | I55: 4.9 | J55: 4.6711153 | K55: 7661 | L55: 161 | M55: 91 | N55: 44 | O55: 15
A56: 144 | B56: 107.8 | C56: 43.95 | D56: 60.3 | E56: I-1 | F56: AC-20-90#-1 | G56: 90#-1（90） | H56: 试件1 | I56: 4.2 | J56: 4.0307102 | K56: 7975 | L56: 161 | M56: 91 | N56: 44 | O56: 15
A57: 144 | B57: 107.8 | C57: 43.95 | D57: 60.3 | E57: I-1 | G57: 90#-1（90） | H57: 试件2 | I57: 4.2 | J57: 4.0307102 | K57: 8630 | L57: 161 | M57: 91 | N57: 44 | O57: 15
A58: 144 | B58: 107.8 | C58: 43.95 | D58: 60.3 | E58: I-1 | G58: 90#-1（恒泰锦） | H58: 试件1 | I58: 4.2 | J58: 4.0307102 | K58: 10161 | L58: 161 | M58: 91 | N58: 44 | O58: 15
A59: 111 | B59: 124 | C59: 41.5 | D59: 56 | E59: I-1 | G59: 90#-1（恒泰锦） | H59: 试件2 | I59: 4.2 | J59: 4.0307102 | K59: 11887 | L59: 161 | M59: 91 | N59: 44 | O59: 15
A60: 111 | B60: 124 | C60: 41.5 | D60: 56 | E60: I-1 | G60: 90#-1（路宝) | H60: 试件1 | I60: 4.2 | J60: 4.0307102 | K60: 9130 | L60: 161 | M60: 91 | N60: 44 | O60: 15
A61: 111 | B61: 124 | C61: 41.5 | D61: 56 | E61: I-1 | G61: 90#-1（路宝) | H61: 试件2 | I61: 4.2 | J61: 4.0307102 | K61: 11886 | L61: 161 | M61: 91 | N61: 44 | O61: 15
A62: 111 | B62: 124 | C62: 41.5 | D62: 56 | E62: I-1 | G62: 90#-1（英杰维特） | H62: 试件1 | I62: 4.2 | J62: 4.0307102 | K62: 11250 | L62: 161 | M62: 91 | N62: 44 | O62: 15
A63: 111 | B63: 124 | C63: 41.5 | D63: 56 | E63: I-1 | G63: 90#-1（英杰维特） | H63: 试件2 | I63: 4.2 | J63: 4.0307102 | K63: 10862 | L63: 161 | M63: 91 | N63: 44 | O63: 15
A64: 111 | B64: 124 | C64: 41.5 | D64: 56 | E64: I-1 | F64: AC-20-90#-3 | G64: 90#-3 | H64: 试件1 | I64: 4.2 | J64: 4.0307102 | K64: 7079 | L64: 161 | M64: 91 | N64: 44 | O64: 15
A65: 161 | B65: 91 | C65: 44 | D65: 15 | E65: I-1 | G65: 90#-3 | H65: 试件2 | I65: 4.2 | J65: 4.0307102 | K65: 6889 | L65: 161 | M65: 91 | N65: 44 | O65: 15
A66: 161 | B66: 91 | C66: 44 | D66: 15 | E66: I-1 | F66: AC-20-90#-4 | G66: 90#-4 | H66: 试件1 | I66: 4.2 | J66: 4.0307102 | K66: 6562 | L66: 161 | M66: 91 | N66: 44 | O66: 15
A67: 161 | B67: 91 | C67: 44 | D67: 15 | E67: I-1 | G67: 90#-4 | H67: 试件2 | I67: 4.2 | J67: 4.0307102 | K67: 6238 | L67: 161 | M67: 91 | N67: 44 | O67: 15
A68: 161 | B68: 91 | C68: 44 | D68: 15 | E68: I-1 | G68: 70#-4 | H68: 试件1 | I68: 4.2 | J68: 4.0307102 | K68: 9692 | L68: 258 | M68: 72 | N68: 47.6 | O68: 8.2
A69: 161 | B69: 91 | C69: 44 | D69: 15 | E69: I-1 | G69: 70#-4 | H69: 试件2 | I69: 4.2 | J69: 4.0307102 | K69: 8974 | L69: 258 | M69: 72 | N69: 47.6 | O69: 8.2
A70: 161 | B70: 91 | C70: 44 | D70: 15 | E70: R | F70: AC-13 | G70: 70# | H70: 试件1 | I70: 5.2 | J70: 4.9429658 | K70: 7159 | L70: 258 | M70: 72 | N70: 47.6 | O70: 8.2
A71: 161 | B71: 91 | C71: 44 | D71: 15 | E71: R | G71: 70# | H71: 试件2 | I71: 5.2 | J71: 4.9429658 | K71: 5000 | L71: 258 | M71: 72 | N71: 47.6 | O71: 8.2
A72: 161 | B72: 91 | C72: 44 | D72: 15 | E72: R | G72: 90# | H72: 试件1 | I72: 5.2 | J72: 4.9429658 | K72: 6848 | L72: 161 | M72: 91 | N72: 44 | O72: 15
A73: 161 | B73: 91 | C73: 44 | D73: 15 | E73: R | G73: 90# | H73: 试件2 | I73: 5.2 | J73: 4.9429658 | K73: 5676 | L73: 161 | M73: 91 | N73: 44 | O73: 15
A74: 161 | B74: 91 | C74: 44 | D74: 15 | E74: S | F74: AC-13 | G74: 70# | H74: 试件1 | I74: 5.5 | J74: 5.2132701 | K74: 9692.3077 | L74: 258 | M74: 72 | N74: 47.6 | O74: 8.2
A75: 161 | B75: 91 | C75: 44 | D75: 15 | E75: S | G75: 70# | H75: 试件2 | I75: 5.5 | J75: 5.2132701 | K75: 8962.3 | L75: 258 | M75: 72 | N75: 47.6 | O75: 8.2
A76: 161 | B76: 91 | C76: 44 | D76: 15 | E76: S | G76: 110#-1 | H76: 试件1 | I76: 5.5 | J76: 5.2132701 | K76: 8076.9231 | L76: 144 | M76: 107.8 | N76: 43.95 | O76: 60.3
A77: 161 | B77: 91 | C77: 44 | D77: 15 | E77: S | G77: 110#-1 | H77: 试件2 | I77: 5.5 | J77: 5.2132701 | K77: 7000 | L77: 144 | M77: 107.8 | N77: 43.95 | O77: 60.3
A78: 161 | B78: 91 | C78: 44 | D78: 15 | E78: S | G78: 110#-2 | H78: 试件1 | I78: 5.5 | J78: 5.2132701 | K78: 8181.8182 | L78: 144 | M78: 107.8 | N78: 43.95 | O78: 60.3
A79: 161 | B79: 91 | C79: 44 | D79: 15 | E79: S | G79: 110#-2 | H79: 试件2 | I79: 5.5 | J79: 5.2132701 | K79: 6300 | L79: 144 | M79: 107.8 | N79: 43.95 | O79: 60.3
A80: 161 | B80: 91 | C80: 44 | D80: 15 | E80: T | F80: AC-20-90# | G80: 90# | H80: 试件1 | I80: 4.2 | J80: 4.0307102 | K80: 3728 | L80: 161 | M80: 91 | N80: 44 | O80: 15
A81: 161 | B81: 91 | C81: 44 | D81: 15 | E81: T | G81: 90# | H81: 试件2 | I81: 4.2 | J81: 4.0307102 | K81: 5077 | L81: 161 | M81: 91 | N81: 44 | O81: 15
A82: 161 | B82: 91 | C82: 44 | D82: 15 | E82: V | F82: AC-13 | G82: 110# | H82: 试件1 | I82: 4.8 | J82: 4.58 | K82: 4257 | L82: 144 | M82: 107.8 | N82: 43.95 | O82: 60.3
A83: 161 | B83: 91 | C83: 44 | D83: 15 | E83: V | G83: 110# | H83: 试件2 | I83: 4.8 | J83: 4.58 | K83: 5389 | L83: 144 | M83: 107.8 | N83: 43.95 | O83: 60.3
A84: 161 | B84: 91 | C84: 44 | D84: 15 | E84: W | F84: AC-13-1 | G84: 90#-1 | H84: 试件1 | I84: 4.6 | J84: 4.4 | K84: 8077 | L84: 161 | M84: 91 | N84: 44 | O84: 15
A85: 161 | B85: 91 | C85: 44 | D85: 15 | E85: W | G85: 90#-1 | H85: 试件2 | I85: 4.6 | J85: 4.4 | K85: 6621 | L85: 161 | M85: 91 | N85: 44 | O85: 15
A86: 161 | B86: 91 | C86: 44 | D86: 15 | E86: W | G86: 70#-1 | H86: 试件1 | I86: 4.6 | J86: 4.4 | K86: 4118 | L86: 258 | M86: 72 | N86: 47.6 | O86: 8.2
A87: 161 | B87: 91 | C87: 44 | D87: 15 | E87: W | G87: 70#-1 | H87: 试件2 | I87: 4.6 | J87: 4.4 | K87: 5575 | L87: 258 | M87: 72 | N87: 47.6 | O87: 8.2
A88: 161 | B88: 91 | C88: 44 | D88: 15 | E88: W | F88: AC-13-2 | G88: 130#-2 | H88: 试件1 | I88: 4.6 | J88: 4.4 | K88: 6238 | L88: 111 | M88: 124 | N88: 41.5 | O88: 56
A89: 161 | B89: 91 | C89: 44 | D89: 15 | E89: W | G89: 130#-2 | H89: 试件2 | I89: 4.6 | J89: 4.4 | K89: 6058 | L89: 111 | M89: 124 | N89: 41.5 | O89: 56
